Player,Nation,Pos,Squad,Age,Born,MP,Starts,Min,90s,Gls,Ast,G+A,G-PK,PK,PKatt,CrdY,CrdR,Gls.1,Ast.1,G+A.1,G-PK.1,G+A-PK,fbref_id,90s_shooting_dup,Gls_shooting_dup,Sh,SoT,SoT%,Sh/90,SoT/90,G/Sh,G/SoT,PK_shooting_dup,PKatt_shooting_dup,fbref_id_shooting_dup,90s_passing_dup,Cmp,Att,Cmp%,TotDist,PrgDist,Cmp.1,Att.1,Cmp%.1,Cmp.2,Att.2,Cmp%.2,Cmp.3,Att.3,Cmp%.3,Ast_passing_dup,A-xAG,KP,1/3,PPA,CrsPA,fbref_id_passing_dup,90s_possession_dup,Touches,Def Pen,Def 3rd,Mid 3rd,Att 3rd,Att Pen,Live,Att_possession_dup,Succ,Succ%,Tkld,Tkld%,Carries,TotDist_possession_dup,PrgDist_possession_dup,1/3_possession_dup,CPA,Mis,Dis,Rec,fbref_id_possession_dup,90s_defense_dup,Tkl,TklW,Def 3rd_defense_dup,Mid 3rd_defense_dup,Att 3rd_defense_dup,Tkl.1,Att_defense_dup,Tkl%,Lost,Blocks,Sh_defense_dup,Pass,Int,Tkl+Int,Clr,Err,fbref_id_defense_dup,stint_id,reason
Jerome Abbey,eng ENG,MF,Wolves,15,2009,1,0,17,0.2,0,0,0,0,0,0,0,0,0.0,0.0,0.0,0.0,0.0,4f504fcc,0.2,0,0,0,,0.0,0.0,,,0,0,4f504fcc,0.2,,,,,,,,,,,,,,,0,,,,,,4f504fcc,0.2,,,,,,,,,,,,,,,,,,,,,4f504fcc,0.2,,0,,,,,,,,,,,1,,,,4f504fcc,Jerome Abbey__Wolves,below_600_min_threshold
Zach Abbott,eng ENG,DF,Nottingham,19,2006,3,2,164,1.8,0,0,0,0,0,0,0,0,0.0,0.0,0.0,0.0,0.0,c103921a,1.8,0,0,0,,0.0,0.0,,,0,0,c103921a,1.8,,,,,,,,,,,,,,,0,,,,,,c103921a,1.8,,,,,,,,,,,,,,,,,,,,,c103921a,1.8,,4,,,,,,,,,,,2,,,,c103921a,Zach Abbott__Nottingham,below_600_min_threshold
Tammy Abraham,eng ENG,FW,Aston Villa,27,1997,12,2,286,3.2,2,0,2,2,0,0,0,0,0.63,0.0,0.63,0.63,0.63,f586779e,3.2,2,9,3,33.3,2.83,0.94,0.22,0.67,0,0,f586779e,3.2,,,,,,,,,,,,,,,0,,,,,,f586779e,3.2,,,,,,,,,,,,,,,,,,,,,f586779e,3.2,,1,,,,,,,,,,,0,,,,f586779e,Tammy Abraham__Aston Villa,below_600_min_threshold
Nayef Aguerd,ma MAR,DF,West Ham,29,1996,2,2,180,2.0,0,0,0,0,0,0,0,0,0.0,0.0,0.0,0.0,0.0,288e1e13,2.0,0,2,0,0.0,1.0,0.0,0.0,,0,0,288e1e13,2.0,,,,,,,,,,,,,,,0,,,,,,288e1e13,2.0,,,,,,,,,,,,,,,,,,,,,288e1e13,2.0,,0,,,,,,,,,,,1,,,,288e1e13,Nayef Aguerd__West Ham,below_600_min_threshold
Max Alleyne,eng ENG,DF,Manchester City,20,2005,2,2,135,1.5,0,0,0,0,0,0,0,0,0.0,0.0,0.0,0.0,0.0,defcfd32,1.5,0,2,1,50.0,1.33,0.67,0.0,0.0,0,0,defcfd32,1.5,,,,,,,,,,,,,,,0,,,,,,defcfd32,1.5,,,,,,,,,,,,,,,,,,,,,defcfd32,1.5,,3,,,,,,,,,,,3,,,,defcfd32,Max Alleyne__Manchester City,below_600_min_threshold
Alysson,br BRA,MF,Aston Villa,19,2006,3,0,49,0.5,0,0,0,0,0,0,0,0,0.0,0.0,0.0,0.0,0.0,99b63a82,0.5,0,1,0,0.0,1.84,0.0,0.0,,0,0,99b63a82,0.5,,,,,,,,,,,,,,,0,,,,,,99b63a82,0.5,,,,,,,,,,,,,,,,,,,,,99b63a82,0.5,,0,,,,,,,,,,,1,,,,99b63a82,Alysson__Aston Villa,below_600_min_threshold
Jaydon Amauri Banel,nl NED,FWMF,Burnley,20,2004,1,0,10,0.1,0,0,0,0,0,0,0,0,0.0,0.0,0.0,0.0,0.0,98e0d76c,0.1,0,0,0,,0.0,0.0,,,0,0,98e0d76c,0.1,,,,,,,,,,,,,,,0,,,,,,98e0d76c,0.1,,,,,,,,,,,,,,,,,,,,,98e0d76c,0.1,,0,,,,,,,,,,,0,,,,98e0d76c,Jaydon Amauri Banel__Burnley,below_600_min_threshold
Zeki Amdouni,ch SUI,FWMF,Burnley,24,2000,4,0,73,0.8,0,0,0,0,0,0,0,0,0.0,0.0,0.0,0.0,0.0,2ee5b0c9,0.8,0,3,1,33.3,3.7,1.23,0.0,0.0,0,0,2ee5b0c9,0.8,,,,,,,,,,,,,,,0,,,,,,2ee5b0c9,0.8,,,,,,,,,,,,,,,,,,,,,2ee5b0c9,0.8,,0,,,,,,,,,,,0,,,,2ee5b0c9,Zeki Amdouni__Burnley,below_600_min_threshold
Nilson Angulo,ec ECU,MF,Sunderland,22,2003,8,5,404,4.5,0,0,0,0,0,0,1,0,0.0,0.0,0.0,0.0,0.0,a9b9d89c,4.5,0,7,3,42.9,1.56,0.67,0.0,0.0,0,0,a9b9d89c,4.5,,,,,,,,,,,,,,,0,,,,,,a9b9d89c,4.5,,,,,,,,,,,,,,,,,,,,,a9b9d89c,4.5,,7,,,,,,,,,,,5,,,,a9b9d89c,Nilson Angulo__Sunderland,below_600_min_threshold
Harrison Armstrong,eng ENG,MF,Everton,18,2007,13,6,529,5.9,0,0,0,0,0,0,0,0,0.0,0.0,0.0,0.0,0.0,de59e609,5.9,0,5,2,40.0,0.85,0.34,0.0,0.0,0,0,de59e609,5.9,,,,,,,,,,,,,,,0,,,,,,de59e609,5.9,,,,,,,,,,,,,,,,,,,,,de59e609,5.9,,10,,,,,,,,,,,4,,,,de59e609,Harrison Armstrong__Everton,below_600_min_threshold
Kepa Arrizabalaga,es ESP,GK,Arsenal,30,1994,1,1,90,1.0,0,0,0,0,0,0,0,0,0.0,0.0,0.0,0.0,0.0,28d596a0,1.0,0,0,0,,0.0,0.0,,,0,0,28d596a0,1.0,,,,,,,,,,,,,,,0,,,,,,28d596a0,1.0,,,,,,,,,,,,,,,,,,,,,28d596a0,1.0,,0,,,,,,,,,,,0,,,,28d596a0,Kepa Arrizabalaga__Arsenal,below_600_min_threshold
Taiwo Awoniyi,ng NGA,FW,Nottingham,27,1997,17,3,494,5.5,4,1,5,4,0,0,2,0,0.73,0.18,0.91,0.73,0.91,e5478b87,5.5,4,15,8,53.3,2.73,1.46,0.27,0.5,0,0,e5478b87,5.5,,,,,,,,,,,,,,,1,,,,,,e5478b87,5.5,,,,,,,,,,,,,,,,,,,,,e5478b87,5.5,,1,,,,,,,,,,,1,,,,e5478b87,Taiwo Awoniyi__Nottingham,below_600_min_threshold
Benoît Badiashile,fr FRA,DF,Chelsea,24,2001,8,6,471,5.2,0,0,0,0,0,0,2,0,0.0,0.0,0.0,0.0,0.0,06df8256,5.2,0,0,0,,0.0,0.0,,,0,0,06df8256,5.2,,,,,,,,,,,,,,,0,,,,,,06df8256,5.2,,,,,,,,,,,,,,,,,,,,,06df8256,5.2,,5,,,,,,,,,,,9,,,,06df8256,Benoît Badiashile__Chelsea,below_600_min_threshold
Leon Bailey,jm JAM,MF,Aston Villa,27,1997,13,3,459,5.1,0,1,1,0,0,0,1,0,0.0,0.2,0.2,0.0,0.2,3a233281,5.1,0,8,1,12.5,1.57,0.2,0.0,0.0,0,0,3a233281,5.1,,,,,,,,,,,,,,,1,,,,,,3a233281,5.1,,,,,,,,,,,,,,,,,,,,,3a233281,5.1,,6,,,,,,,,,,,4,,,,3a233281,Leon Bailey__Aston Villa,below_600_min_threshold
Dilane Bakwa,fr FRA,MF,Nottingham,22,2002,14,6,553,6.1,0,2,2,0,0,0,1,0,0.0,0.33,0.33,0.0,0.33,2b5a35e5,6.1,0,9,3,33.3,1.46,0.49,0.0,0.0,0,0,2b5a35e5,6.1,,,,,,,,,,,,,,,2,,,,,,2b5a35e5,6.1,,,,,,,,,,,,,,,,,,,,,2b5a35e5,6.1,,3,,,,,,,,,,,0,,,,2b5a35e5,Dilane Bakwa__Nottingham,below_600_min_threshold
Ashley Barnes,eng ENG,FWMF,Burnley,35,1989,7,0,46,0.5,0,0,0,0,0,0,2,0,0.0,0.0,0.0,0.0,0.0,2691c772,0.5,0,2,1,50.0,3.91,1.96,0.0,0.0,0,0,2691c772,0.5,,,,,,,,,,,,,,,0,,,,,,2691c772,0.5,,,,,,,,,,,,,,,,,,,,,2691c772,0.5,,0,,,,,,,,,,,0,,,,2691c772,Ashley Barnes__Burnley,below_600_min_threshold
Altay Bayındır,tr TUR,GK,Manchester Utd,27,1998,6,6,540,6.0,0,0,0,0,0,0,0,0,0.0,0.0,0.0,0.0,0.0,072e68ed,6.0,0,0,0,,0.0,0.0,,,0,0,072e68ed,6.0,,,,,,,,,,,,,,,0,,,,,,072e68ed,6.0,,,,,,,,,,,,,,,,,,,,,072e68ed,6.0,,0,,,,,,,,,,,0,,,,072e68ed,Altay Bayındır__Manchester Utd,below_600_min_threshold
Walter Benítez,ar ARG,GK,Crystal Palace,32,1993,1,1,90,1.0,0,0,0,0,0,0,0,0,0.0,0.0,0.0,0.0,0.0,8a2248b4,1.0,0,0,0,,0.0,0.0,,,0,0,8a2248b4,1.0,,,,,,,,,,,,,,,0,,,,,,8a2248b4,1.0,,,,,,,,,,,,,,,,,,,,,8a2248b4,1.0,,0,,,,,,,,,,,0,,,,8a2248b4,Walter Benítez__Crystal Palace,below_600_min_threshold
Daniel Bentley,eng ENG,GK,Wolves,32,1993,3,3,270,3.0,0,0,0,0,0,0,0,0,0.0,0.0,0.0,0.0,0.0,68db6358,3.0,0,0,0,,0.0,0.0,,,0,0,68db6358,3.0,,,,,,,,,,,,,,,0,,,,,,68db6358,3.0,,,,,,,,,,,,,,,,,,,,,68db6358,3.0,,0,,,,,,,,,,,0,,,,68db6358,Daniel Bentley__Wolves,below_600_min_threshold
Marco Bizot,nl NED,GK,Aston Villa,34,1991,7,6,585,6.5,0,0,0,0,0,0,2,0,0.0,0.0,0.0,0.0,0.0,3d214e5f,6.5,0,0,0,,0.0,0.0,,,0,0,3d214e5f,6.5,,,,,,,,,,,,,,,0,,,,,,3d214e5f,6.5,,,,,,,,,,,,,,,,,,,,,3d214e5f,6.5,,0,,,,,,,,,,,0,,,,3d214e5f,Marco Bizot__Aston Villa,below_600_min_threshold
Oscar Bobb,no NOR,MFFW,Manchester City,22,2003,9,5,468,5.2,0,1,1,0,0,0,1,0,0.0,0.19,0.19,0.0,0.19,eed2427e,5.2,0,4,0,0.0,0.77,0.0,0.0,,0,0,eed2427e,5.2,,,,,,,,,,,,,,,1,,,,,,eed2427e,5.2,,,,,,,,,,,,,,,,,,,,,eed2427e,5.2,,5,,,,,,,,,,,3,,,,eed2427e,Oscar Bobb__Manchester City,below_600_min_threshold
Oscar Bobb,no NOR,MF,Fulham,22,2003,14,6,571,6.3,0,0,0,0,0,0,0,0,0.0,0.0,0.0,0.0,0.0,eed2427e,6.3,0,8,3,37.5,1.26,0.47,0.0,0.0,0,0,eed2427e,6.3,,,,,,,,,,,,,,,0,,,,,,eed2427e,6.3,,,,,,,,,,,,,,,,,,,,,eed2427e,6.3,,7,,,,,,,,,,,6,,,,eed2427e,Oscar Bobb__Fulham,below_600_min_threshold
Sebastiaan Bornauw,be BEL,DF,Leeds United,26,1999,12,5,429,4.8,0,0,0,0,0,0,1,0,0.0,0.0,0.0,0.0,0.0,01834aa0,4.8,0,1,0,0.0,0.21,0.0,0.0,,0,0,01834aa0,4.8,,,,,,,,,,,,,,,0,,,,,,01834aa0,4.8,,,,,,,,,,,,,,,,,,,,,01834aa0,4.8,,4,,,,,,,,,,,7,,,,01834aa0,Sebastiaan Bornauw__Leeds United,below_600_min_threshold
Facundo Buonanotte,ar ARG,MF,Chelsea,20,2004,1,1,45,0.5,0,0,0,0,0,0,0,0,0.0,0.0,0.0,0.0,0.0,468a7a91,0.5,0,0,0,,0.0,0.0,,,0,0,468a7a91,0.5,,,,,,,,,,,,,,,0,,,,,,468a7a91,0.5,,,,,,,,,,,,,,,,,,,,,468a7a91,0.5,,0,,,,,,,,,,,0,,,,468a7a91,Facundo Buonanotte__Chelsea,below_600_min_threshold
Facundo Buonanotte,ar ARG,MF,Leeds United,20,2004,3,0,39,0.4,0,0,0,0,0,0,1,0,0.0,0.0,0.0,0.0,0.0,468a7a91,0.4,0,2,0,0.0,4.62,0.0,0.0,,0,0,468a7a91,0.4,,,,,,,,,,,,,,,0,,,,,,468a7a91,0.4,,,,,,,,,,,,,,,,,,,,,468a7a91,0.4,,0,,,,,,,,,,,1,,,,468a7a91,Facundo Buonanotte__Leeds United,below_600_min_threshold
Bradley Burrowes,eng ENG,MF,Aston Villa,17,2008,1,0,17,0.2,0,0,0,0,0,0,0,0,0.0,0.0,0.0,0.0,0.0,802ee5ca,0.2,0,0,0,,0.0,0.0,,,0,0,802ee5ca,0.2,,,,,,,,,,,,,,,0,,,,,,802ee5ca,0.2,,,,,,,,,,,,,,,,,,,,,802ee5ca,0.2,,0,,,,,,,,,,,0,,,,802ee5ca,Bradley Burrowes__Aston Villa,below_600_min_threshold
Jun'ai Byfield,eng ENG,DF,Tottenham,16,2008,1,0,1,0.0,0,0,0,0,0,0,0,0,0.0,0.0,0.0,0.0,0.0,0312881b,0.0,0,0,0,,0.0,0.0,,,0,0,0312881b,0.0,,,,,,,,,,,,,,,0,,,,,,0312881b,0.0,,,,,,,,,,,,,,,,,,,,,0312881b,0.0,,0,,,,,,,,,,,0,,,,0312881b,Jun'ai Byfield__Tottenham,below_600_min_threshold
Sam Byram,eng ENG,DFMF,Leeds United,31,1993,2,0,9,0.1,0,0,0,0,0,0,0,0,0.0,0.0,0.0,0.0,0.0,1bf811d4,0.1,0,0,0,,0.0,0.0,,,0,0,1bf811d4,0.1,,,,,,,,,,,,,,,0,,,,,,1bf811d4,0.1,,,,,,,,,,,,,,,,,,,,,1bf811d4,0.1,,1,,,,,,,,,,,0,,,,1bf811d4,Sam Byram__Leeds United,below_600_min_threshold
Rio Cardines,tt TRI,MF,Crystal Palace,19,2006,1,1,90,1.0,0,0,0,0,0,0,0,0,0.0,0.0,0.0,0.0,0.0,702812fe,1.0,0,1,0,0.0,1.0,0.0,0.0,,0,0,702812fe,1.0,,,,,,,,,,,,,,,0,,,,,,702812fe,1.0,,,,,,,,,,,,,,,,,,,,,702812fe,1.0,,1,,,,,,,,,,,0,,,,702812fe,Rio Cardines__Crystal Palace,below_600_min_threshold
Fabio Carvalho,pt POR,MF,Brentford,22,2002,6,1,102,1.1,1,0,1,1,0,0,0,0,0.88,0.0,0.88,0.88,0.88,966e28d0,1.1,1,2,1,50.0,1.76,0.88,0.5,1.0,0,0,966e28d0,1.1,,,,,,,,,,,,,,,0,,,,,,966e28d0,1.1,,,,,,,,,,,,,,,,,,,,,966e28d0,1.1,,2,,,,,,,,,,,0,,,,966e28d0,Fabio Carvalho__Brentford,below_600_min_threshold
Federico Chiesa,it ITA,MF,Liverpool,27,1997,26,1,339,3.8,2,1,3,2,0,0,3,0,0.53,0.27,0.8,0.53,0.8,b0f7e36c,3.8,2,17,5,29.4,4.51,1.33,0.12,0.4,0,0,b0f7e36c,3.8,,,,,,,,,,,,,,,1,,,,,,b0f7e36c,3.8,,,,,,,,,,,,,,,,,,,,,b0f7e36c,3.8,,5,,,,,,,,,,,4,,,,b0f7e36c,Federico Chiesa__Liverpool,below_600_min_threshold
Tawanda Chirewa,zw ZIM,MF,Wolves,21,2003,2,0,27,0.3,0,0,0,0,0,0,0,0,0.0,0.0,0.0,0.0,0.0,34721c11,0.3,0,0,0,,0.0,0.0,,,0,0,34721c11,0.3,,,,,,,,,,,,,,,0,,,,,,34721c11,0.3,,,,,,,,,,,,,,,,,,,,,34721c11,0.3,,0,,,,,,,,,,,0,,,,34721c11,Tawanda Chirewa__Wolves,below_600_min_threshold
Dennis Cirkin,lv LVA,DF,Sunderland,23,2002,8,3,323,3.6,0,0,0,0,0,0,2,0,0.0,0.0,0.0,0.0,0.0,307ea3b6,3.6,0,1,0,0.0,0.28,0.0,0.0,,0,0,307ea3b6,3.6,,,,,,,,,,,,,,,0,,,,,,307ea3b6,3.6,,,,,,,,,,,,,,,,,,,,,307ea3b6,3.6,,5,,,,,,,,,,,5,,,,307ea3b6,Dennis Cirkin__Sunderland,below_600_min_threshold
Nathaniel Clyne,eng ENG,MFDF,Crystal Palace,34,1991,10,7,594,6.6,0,1,1,0,0,0,1,0,0.0,0.15,0.15,0.0,0.15,0442183b,6.6,0,3,0,0.0,0.45,0.0,0.0,,0,0,0442183b,6.6,,,,,,,,,,,,,,,1,,,,,,0442183b,6.6,,,,,,,,,,,,,,,,,,,,,0442183b,6.6,,9,,,,,,,,,,,7,,,,0442183b,Nathaniel Clyne__Crystal Palace,below_600_min_threshold
Séamus Coleman,ie IRL,DF,Everton,36,1988,5,1,21,0.2,0,0,0,0,0,0,0,0,0.0,0.0,0.0,0.0,0.0,0420d84f,0.2,0,0,0,,0.0,0.0,,,0,0,0420d84f,0.2,,,,,,,,,,,,,,,0,,,,,,0420d84f,0.2,,,,,,,,,,,,,,,,,,,,,0420d84f,0.2,,0,,,,,,,,,,,0,,,,0420d84f,Séamus Coleman__Everton,below_600_min_threshold
Levi Colwill,eng ENG,DF,Chelsea,22,2003,3,2,225,2.5,0,0,0,0,0,0,0,0,0.0,0.0,0.0,0.0,0.0,700783e7,2.5,0,0,0,,0.0,0.0,,,0,0,700783e7,2.5,,,,,,,,,,,,,,,0,,,,,,700783e7,2.5,,,,,,,,,,,,,,,,,,,,,700783e7,2.5,,2,,,,,,,,,,,5,,,,700783e7,Levi Colwill__Chelsea,below_600_min_threshold
Diego Coppola,it ITA,DF,Brighton,21,2003,5,2,194,2.2,0,0,0,0,0,0,2,0,0.0,0.0,0.0,0.0,0.0,22ae86f9,2.2,0,0,0,,0.0,0.0,,,0,0,22ae86f9,2.2,,,,,,,,,,,,,,,0,,,,,,22ae86f9,2.2,,,,,,,,,,,,,,,,,,,,,22ae86f9,2.2,,2,,,,,,,,,,,1,,,,22ae86f9,Diego Coppola__Brighton,below_600_min_threshold
Jair Cunha,br BRA,DF,Nottingham,20,2005,9,6,517,5.7,0,0,0,0,0,0,0,0,0.0,0.0,0.0,0.0,0.0,ac31d35e,5.7,0,3,1,33.3,0.52,0.17,0.0,0.0,0,0,ac31d35e,5.7,,,,,,,,,,,,,,,0,,,,,,ac31d35e,5.7,,,,,,,,,,,,,,,,,,,,,ac31d35e,5.7,,5,,,,,,,,,,,5,,,,ac31d35e,Jair Cunha__Nottingham,below_600_min_threshold
Josh Dasilva,eng ENG,MF,Brentford,26,1998,2,0,3,0.0,0,0,0,0,0,0,0,0,0.0,0.0,0.0,0.0,0.0,60344e4f,0.0,0,1,0,0.0,30.0,0.0,0.0,,0,0,60344e4f,0.0,,,,,,,,,,,,,,,0,,,,,,60344e4f,0.0,,,,,,,,,,,,,,,,,,,,,60344e4f,0.0,,0,,,,,,,,,,,0,,,,60344e4f,Josh Dasilva__Brentford,below_600_min_threshold
Ben Davies,wls WAL,DF,Tottenham,32,1993,3,2,137,1.5,1,0,1,1,0,0,1,0,0.66,0.0,0.66,0.66,0.66,44781702,1.5,1,2,2,100.0,1.31,1.31,0.5,0.5,0,0,44781702,1.5,,,,,,,,,,,,,,,0,,,,,,44781702,1.5,,,,,,,,,,,,,,,,,,,,,44781702,1.5,,4,,,,,,,,,,,1,,,,44781702,Ben Davies__Tottenham,below_600_min_threshold
Jesse Derry,eng ENG,MF,Chelsea,18,2007,1,1,44,0.5,0,0,0,0,0,0,0,0,0.0,0.0,0.0,0.0,0.0,bbfe0e5d,0.5,0,2,1,50.0,4.09,2.05,0.0,0.0,0,0,bbfe0e5d,0.5,,,,,,,,,,,,,,,0,,,,,,bbfe0e5d,0.5,,,,,,,,,,,,,,,,,,,,,bbfe0e5d,0.5,,1,,,,,,,,,,,0,,,,bbfe0e5d,Jesse Derry__Chelsea,below_600_min_threshold
Tyler Dibling,eng ENG,MF,Everton,19,2006,14,4,358,4.0,0,0,0,0,0,0,2,0,0.0,0.0,0.0,0.0,0.0,bdcc89ae,4.0,0,4,0,0.0,1.01,0.0,0.0,,0,0,bdcc89ae,4.0,,,,,,,,,,,,,,,0,,,,,,bdcc89ae,4.0,,,,,,,,,,,,,,,,,,,,,bdcc89ae,4.0,,3,,,,,,,,,,,6,,,,bdcc89ae,Tyler Dibling__Everton,below_600_min_threshold
Romelle Donovan,eng ENG,FW,Brentford,18,2006,4,0,41,0.5,0,0,0,0,0,0,0,0,0.0,0.0,0.0,0.0,0.0,519db366,0.5,0,3,1,33.3,6.59,2.2,0.0,0.0,0,0,519db366,0.5,,,,,,,,,,,,,,,0,,,,,,519db366,0.5,,,,,,,,,,,,,,,,,,,,,519db366,0.5,,0,,,,,,,,,,,0,,,,519db366,Romelle Donovan__Brentford,below_600_min_threshold
Max Dowman,eng ENG,MF,Arsenal,15,2009,6,1,157,1.7,1,0,1,1,0,0,0,0,0.57,0.0,0.57,0.57,0.57,9008bb70,1.7,1,6,1,16.7,3.44,0.57,0.17,1.0,0,0,9008bb70,1.7,,,,,,,,,,,,,,,0,,,,,,9008bb70,1.7,,,,,,,,,,,,,,,,,,,,,9008bb70,1.7,,2,,,,,,,,,,,1,,,,9008bb70,Max Dowman__Arsenal,below_600_min_threshold
Radu Drăgușin,ro ROU,DF,Tottenham,23,2002,10,5,517,5.7,0,0,0,0,0,0,0,0,0.0,0.0,0.0,0.0,0.0,620922ed,5.7,0,4,0,0.0,0.7,0.0,0.0,,0,0,620922ed,5.7,,,,,,,,,,,,,,,0,,,,,,620922ed,5.7,,,,,,,,,,,,,,,,,,,,,620922ed,5.7,,3,,,,,,,,,,,16,,,,620922ed,Radu Drăgușin__Tottenham,below_600_min_threshold
Joél Drakes-Thomas,eng ENG,MF,Crystal Palace,16,2009,2,0,9,0.1,0,0,0,0,0,0,0,0,0.0,0.0,0.0,0.0,0.0,1bd530e8,0.1,0,0,0,,0.0,0.0,,,0,0,1bd530e8,0.1,,,,,,,,,,,,,,,0,,,,,,1bd530e8,0.1,,,,,,,,,,,,,,,,,,,,,1bd530e8,0.1,,1,,,,,,,,,,,0,,,,1bd530e8,Joél Drakes-Thomas__Crystal Palace,below_600_min_threshold
George Earthy,eng ENG,MF,West Ham,20,2004,1,0,9,0.1,0,0,0,0,0,0,0,0,0.0,0.0,0.0,0.0,0.0,123d2733,0.1,0,0,0,,0.0,0.0,,,0,0,123d2733,0.1,,,,,,,,,,,,,,,0,,,,,,123d2733,0.1,,,,,,,,,,,,,,,,,,,,,123d2733,0.1,,0,,,,,,,,,,,0,,,,123d2733,George Earthy__West Ham,below_600_min_threshold
Odsonne Édouard,fr FRA,FW,Crystal Palace,27,1998,1,0,3,0.0,0,0,0,0,0,0,0,0,0.0,0.0,0.0,0.0,0.0,0562b7f1,0.0,0,0,0,,0.0,0.0,,,0,0,0562b7f1,0.0,,,,,,,,,,,,,,,0,,,,,,0562b7f1,0.0,,,,,,,,,,,,,,,,,,,,,0562b7f1,0.0,,1,,,,,,,,,,,0,,,,0562b7f1,Odsonne Édouard__Crystal Palace,below_600_min_threshold
Tom Edozie,eng ENG,MF,Wolves,19,2006,3,0,14,0.2,1,0,1,1,0,0,0,0,6.43,0.0,6.43,6.43,6.43,3354ea94,0.2,1,2,1,50.0,12.86,6.43,0.5,1.0,0,0,3354ea94,0.2,,,,,,,,,,,,,,,0,,,,,,3354ea94,0.2,,,,,,,,,,,,,,,,,,,,,3354ea94,0.2,,0,,,,,,,,,,,0,,,,3354ea94,Tom Edozie__Wolves,below_600_min_threshold
Melker Ellborg,se SWE,GK,Sunderland,22,2003,3,3,270,3.0,0,0,0,0,0,0,0,0,0.0,0.0,0.0,0.0,0.0,013d348e,3.0,0,0,0,,0.0,0.0,,,0,0,013d348e,3.0,,,,,,,,,,,,,,,0,,,,,,013d348e,3.0,,,,,,,,,,,,,,,,,,,,,013d348e,3.0,,0,,,,,,,,,,,0,,,,013d348e,Melker Ellborg__Sunderland,below_600_min_threshold
Harvey Elliott,eng ENG,MF,Aston Villa,22,2003,4,1,112,1.2,0,0,0,0,0,0,0,0,0.0,0.0,0.0,0.0,0.0,b9e1436c,1.2,0,5,0,0.0,4.02,0.0,0.0,,0,0,b9e1436c,1.2,,,,,,,,,,,,,,,0,,,,,,b9e1436c,1.2,,,,,,,,,,,,,,,,,,,,,b9e1436c,1.2,,0,,,,,,,,,,,0,,,,b9e1436c,Harvey Elliott__Aston Villa,below_600_min_threshold
Harvey Elliott,eng ENG,FWMF,Liverpool,22,2003,1,0,1,0.0,0,0,0,0,0,0,0,0,0.0,0.0,0.0,0.0,0.0,b9e1436c,0.0,0,0,0,,0.0,0.0,,,0,0,b9e1436c,0.0,,,,,,,,,,,,,,,0,,,,,,b9e1436c,0.0,,,,,,,,,,,,,,,,,,,,,b9e1436c,0.0,,0,,,,,,,,,,,0,,,,b9e1436c,Harvey Elliott__Liverpool,below_600_min_threshold
Wataru Endo,jp JPN,DF,Liverpool,32,1993,8,1,175,1.9,0,1,1,0,0,0,1,0,0.0,0.51,0.51,0.0,0.51,c149016b,1.9,0,1,0,0.0,0.51,0.0,0.0,,0,0,c149016b,1.9,,,,,,,,,,,,,,,1,,,,,,c149016b,1.9,,,,,,,,,,,,,,,,,,,,,c149016b,1.9,,3,,,,,,,,,,,0,,,,c149016b,Wataru Endo__Liverpool,below_600_min_threshold
Romain Esse,eng ENG,MF,Crystal Palace,20,2005,4,0,44,0.5,0,0,0,0,0,0,0,0,0.0,0.0,0.0,0.0,0.0,87189f25,0.5,0,0,0,,0.0,0.0,,,0,0,87189f25,0.5,,,,,,,,,,,,,,,0,,,,,,87189f25,0.5,,,,,,,,,,,,,,,,,,,,,87189f25,0.5,,1,,,,,,,,,,,0,,,,87189f25,Romain Esse__Crystal Palace,below_600_min_threshold
Dario Essugo,pt POR,MF,Chelsea,20,2005,3,0,30,0.3,0,0,0,0,0,0,2,0,0.0,0.0,0.0,0.0,0.0,1e4319ac,0.3,0,0,0,,0.0,0.0,,,0,0,1e4319ac,0.3,,,,,,,,,,,,,,,0,,,,,,1e4319ac,0.3,,,,,,,,,,,,,,,,,,,,,1e4319ac,0.3,,3,,,,,,,,,,,0,,,,1e4319ac,Dario Essugo__Chelsea,below_600_min_threshold
Eberechi Eze,eng ENG,MF,Crystal Palace,27,1998,1,1,83,0.9,0,0,0,0,0,0,0,0,0.0,0.0,0.0,0.0,0.0,ae4fc6a4,0.9,0,6,2,33.3,6.51,2.17,0.0,0.0,0,0,ae4fc6a4,0.9,,,,,,,,,,,,,,,0,,,,,,ae4fc6a4,0.9,,,,,,,,,,,,,,,,,,,,,ae4fc6a4,0.9,,1,,,,,,,,,,,0,,,,ae4fc6a4,Eberechi Eze__Crystal Palace,below_600_min_threshold
Jack Fletcher,eng ENG,MF,Manchester Utd,18,2007,3,0,108,1.2,0,0,0,0,0,0,0,0,0.0,0.0,0.0,0.0,0.0,38a6c944,1.2,0,1,0,0.0,0.83,0.0,0.0,,0,0,38a6c944,1.2,,,,,,,,,,,,,,,0,,,,,,38a6c944,1.2,,,,,,,,,,,,,,,,,,,,,38a6c944,1.2,,1,,,,,,,,,,,1,,,,38a6c944,Jack Fletcher__Manchester Utd,below_600_min_threshold
Tyler Fletcher,sct SCO,MF,Manchester Utd,18,2007,2,0,18,0.2,0,0,0,0,0,0,0,0,0.0,0.0,0.0,0.0,0.0,81a92add,0.2,0,0,0,,0.0,0.0,,,0,0,81a92add,0.2,,,,,,,,,,,,,,,0,,,,,,81a92add,0.2,,,,,,,,,,,,,,,,,,,,,81a92add,0.2,,0,,,,,,,,,,,0,,,,81a92add,Tyler Fletcher__Manchester Utd,below_600_min_threshold
Tyler Fredricson,eng ENG,DF,Manchester Utd,20,2005,1,0,3,0.0,0,0,0,0,0,0,0,0,0.0,0.0,0.0,0.0,0.0,58630379,0.0,0,0,0,,0.0,0.0,,,0,0,58630379,0.0,,,,,,,,,,,,,,,0,,,,,,58630379,0.0,,,,,,,,,,,,,,,,,,,,,58630379,0.0,,0,,,,,,,,,,,0,,,,58630379,Tyler Fredricson__Manchester Utd,below_600_min_threshold
Niclas Füllkrug,de GER,FW,West Ham,32,1993,8,5,409,4.5,0,0,0,0,0,0,0,0,0.0,0.0,0.0,0.0,0.0,4f16405e,4.5,0,9,3,33.3,1.98,0.66,0.0,0.0,0,0,4f16405e,4.5,,,,,,,,,,,,,,,0,,,,,,4f16405e,4.5,,,,,,,,,,,,,,,,,,,,,4f16405e,4.5,,1,,,,,,,,,,,2,,,,4f16405e,Niclas Füllkrug__West Ham,below_600_min_threshold
Kaye Furo,be BEL,FW,Brentford,18,2007,1,0,1,0.0,0,0,0,0,0,0,0,0,0.0,0.0,0.0,0.0,0.0,9fea2579,0.0,0,0,0,,0.0,0.0,,,0,0,9fea2579,0.0,,,,,,,,,,,,,,,0,,,,,,9fea2579,0.0,,,,,,,,,,,,,,,,,,,,,9fea2579,0.0,,0,,,,,,,,,,,0,,,,9fea2579,Kaye Furo__Brentford,below_600_min_threshold
Ben Gannon-Doak,sct SCO,MF,Bournemouth,19,2005,8,0,113,1.3,0,1,1,0,0,0,0,0,0.0,0.8,0.8,0.0,0.8,733f1a7d,1.3,0,3,1,33.3,2.39,0.8,0.0,0.0,0,0,733f1a7d,1.3,,,,,,,,,,,,,,,1,,,,,,733f1a7d,1.3,,,,,,,,,,,,,,,,,,,,,733f1a7d,1.3,,2,,,,,,,,,,,1,,,,733f1a7d,Ben Gannon-Doak__Bournemouth,below_600_min_threshold
Andrés García,es ESP,DF,Aston Villa,22,2003,6,1,86,1.0,0,0,0,0,0,0,0,0,0.0,0.0,0.0,0.0,0.0,40498af1,1.0,0,0,0,,0.0,0.0,,,0,0,40498af1,1.0,,,,,,,,,,,,,,,0,,,,,,40498af1,1.0,,,,,,,,,,,,,,,,,,,,,40498af1,1.0,,4,,,,,,,,,,,0,,,,40498af1,Andrés García__Aston Villa,below_600_min_threshold
Tyrique George,eng ENG,FW,Chelsea,19,2006,4,0,145,1.6,0,0,0,0,0,0,2,0,0.0,0.0,0.0,0.0,0.0,e6f7797e,1.6,0,3,2,66.7,1.86,1.24,0.0,0.0,0,0,e6f7797e,1.6,,,,,,,,,,,,,,,0,,,,,,e6f7797e,1.6,,,,,,,,,,,,,,,,,,,,,e6f7797e,1.6,,2,,,,,,,,,,,0,,,,e6f7797e,Tyrique George__Chelsea,below_600_min_threshold
Tyrique George,eng ENG,MF,Everton,19,2006,11,1,218,2.4,0,0,0,0,0,0,0,0,0.0,0.0,0.0,0.0,0.0,e6f7797e,2.4,0,7,3,42.9,2.89,1.24,0.0,0.0,0,0,e6f7797e,2.4,,,,,,,,,,,,,,,0,,,,,,e6f7797e,2.4,,,,,,,,,,,,,,,,,,,,,e6f7797e,2.4,,3,,,,,,,,,,,2,,,,e6f7797e,Tyrique George__Everton,below_600_min_threshold
Jamie Gittens,eng ENG,MF,Chelsea,20,2004,16,5,495,5.5,0,2,2,0,0,0,0,0,0.0,0.36,0.36,0.0,0.36,10745192,5.5,0,10,2,20.0,1.82,0.36,0.0,0.0,0,0,10745192,5.5,,,,,,,,,,,,,,,2,,,,,,10745192,5.5,,,,,,,,,,,,,,,,,,,,,10745192,5.5,,4,,,,,,,,,,,2,,,,10745192,Jamie Gittens__Chelsea,below_600_min_threshold
Wilfried Gnonto,it ITA,FW,Leeds United,21,2003,23,4,537,6.0,0,1,1,0,0,0,3,0,0.0,0.17,0.17,0.0,0.17,75fdd638,6.0,0,10,0,0.0,1.68,0.0,0.0,,0,0,75fdd638,6.0,,,,,,,,,,,,,,,1,,,,,,75fdd638,6.0,,,,,,,,,,,,,,,,,,,,,75fdd638,6.0,,13,,,,,,,,,,,3,,,,75fdd638,Wilfried Gnonto__Leeds United,below_600_min_threshold
Angel Gomes,eng ENG,MFFW,Wolves,24,2000,12,7,461,5.1,0,0,0,0,0,0,1,0,0.0,0.0,0.0,0.0,0.0,645a3363,5.1,0,6,2,33.3,1.17,0.39,0.0,0.0,0,0,645a3363,5.1,,,,,,,,,,,,,,,0,,,,,,645a3363,5.1,,,,,,,,,,,,,,,,,,,,,645a3363,5.1,,5,,,,,,,,,,,1,,,,645a3363,Angel Gomes__Wolves,below_600_min_threshold
Evann Guessand,ci CIV,MF,Aston Villa,24,2001,13,6,588,6.5,0,1,1,0,0,0,0,0,0.0,0.15,0.15,0.0,0.15,b73f17f8,6.5,0,8,5,62.5,1.22,0.77,0.0,0.0,0,0,b73f17f8,6.5,,,,,,,,,,,,,,,1,,,,,,b73f17f8,6.5,,,,,,,,,,,,,,,,,,,,,b73f17f8,6.5,,9,,,,,,,,,,,3,,,,b73f17f8,Evann Guessand__Aston Villa,below_600_min_threshold
Evann Guessand,ci CIV,MF,Crystal Palace,24,2001,8,3,330,3.7,1,1,2,1,0,0,0,0,0.27,0.27,0.55,0.27,0.55,b73f17f8,3.7,1,3,1,33.3,0.82,0.27,0.33,1.0,0,0,b73f17f8,3.7,,,,,,,,,,,,,,,1,,,,,,b73f17f8,3.7,,,,,,,,,,,,,,,,,,,,,b73f17f8,3.7,,2,,,,,,,,,,,2,,,,b73f17f8,Evann Guessand__Crystal Palace,below_600_min_threshold
Luis Guilherme,br BRA,FW,West Ham,19,2006,5,1,125,1.4,0,0,0,0,0,0,0,0,0.0,0.0,0.0,0.0,0.0,b7672d43,1.4,0,1,0,0.0,0.72,0.0,0.0,,0,0,b7672d43,1.4,,,,,,,,,,,,,,,0,,,,,,b7672d43,1.4,,,,,,,,,,,,,,,,,,,,,b7672d43,1.4,,1,,,,,,,,,,,0,,,,b7672d43,Luis Guilherme__West Ham,below_600_min_threshold
Marc Guiu,es ESP,FW,Sunderland,19,2006,2,0,15,0.2,0,0,0,0,0,0,0,0,0.0,0.0,0.0,0.0,0.0,d3d774cc,0.2,0,1,0,0.0,6.0,0.0,0.0,,0,0,d3d774cc,0.2,,,,,,,,,,,,,,,0,,,,,,d3d774cc,0.2,,,,,,,,,,,,,,,,,,,,,d3d774cc,0.2,,0,,,,,,,,,,,0,,,,d3d774cc,Marc Guiu__Sunderland,below_600_min_threshold
Marc Guiu,es ESP,FW,Chelsea,19,2006,8,1,257,2.9,0,1,1,0,0,0,1,0,0.0,0.35,0.35,0.0,0.35,d3d774cc,2.9,0,12,2,16.7,4.2,0.7,0.0,0.0,0,0,d3d774cc,2.9,,,,,,,,,,,,,,,1,,,,,,d3d774cc,2.9,,,,,,,,,,,,,,,,,,,,,d3d774cc,2.9,,0,,,,,,,,,,,0,,,,d3d774cc,Marc Guiu__Chelsea,below_600_min_threshold
Angus Gunn,sct SCO,GK,Nottingham,29,1996,1,0,45,0.5,0,0,0,0,0,0,0,0,0.0,0.0,0.0,0.0,0.0,e082af5b,0.5,0,0,0,,0.0,0.0,,,0,0,e082af5b,0.5,,,,,,,,,,,,,,,0,,,,,,e082af5b,0.5,,,,,,,,,,,,,,,,,,,,,e082af5b,0.5,,0,,,,,,,,,,,0,,,,e082af5b,Angus Gunn__Nottingham,below_600_min_threshold
Jack Harrison,eng ENG,FW,Leeds United,28,1996,11,1,269,3.0,0,0,0,0,0,0,0,0,0.0,0.0,0.0,0.0,0.0,aa849a12,3.0,0,6,2,33.3,2.01,0.67,0.0,0.0,0,0,aa849a12,3.0,,,,,,,,,,,,,,,0,,,,,,aa849a12,3.0,,,,,,,,,,,,,,,,,,,,,aa849a12,3.0,,2,,,,,,,,,,,4,,,,aa849a12,Jack Harrison__Leeds United,below_600_min_threshold
Kai Havertz,de GER,FWMF,Arsenal,26,1999,12,7,581,6.5,2,3,5,2,0,0,1,0,0.31,0.46,0.77,0.31,0.77,fed7cb61,6.5,2,18,4,22.2,2.79,0.62,0.11,0.5,0,0,fed7cb61,6.5,,,,,,,,,,,,,,,3,,,,,,fed7cb61,6.5,,,,,,,,,,,,,,,,,,,,,fed7cb61,6.5,,5,,,,,,,,,,,1,,,,fed7cb61,Kai Havertz__Arsenal,below_600_min_threshold
George Hemmings,eng ENG,MF,Aston Villa,18,2007,2,0,27,0.3,0,0,0,0,0,0,0,0,0.0,0.0,0.0,0.0,0.0,28795530,0.3,0,1,0,0.0,3.33,0.0,0.0,,0,0,28795530,0.3,,,,,,,,,,,,,,,0,,,,,,28795530,0.3,,,,,,,,,,,,,,,,,,,,,28795530,0.3,,0,,,,,,,,,,,0,,,,28795530,George Hemmings__Aston Villa,below_600_min_threshold
Ki-Jana Hoever,nl NED,MFDF,Wolves,23,2002,8,6,425,4.7,0,0,0,0,0,0,0,0,0.0,0.0,0.0,0.0,0.0,9a71e978,4.7,0,1,1,100.0,0.21,0.21,0.0,0.0,0,0,9a71e978,4.7,,,,,,,,,,,,,,,0,,,,,,9a71e978,4.7,,,,,,,,,,,,,,,,,,,,,9a71e978,4.7,,11,,,,,,,,,,,5,,,,9a71e978,Ki-Jana Hoever__Wolves,below_600_min_threshold
Harry Howell,eng ENG,MF,Brighton,17,2008,3,1,94,1.0,0,0,0,0,0,0,0,0,0.0,0.0,0.0,0.0,0.0,d8a7e52c,1.0,0,0,0,,0.0,0.0,,,0,0,d8a7e52c,1.0,,,,,,,,,,,,,,,0,,,,,,d8a7e52c,1.0,,,,,,,,,,,,,,,,,,,,,d8a7e52c,1.0,,0,,,,,,,,,,,0,,,,d8a7e52c,Harry Howell__Brighton,below_600_min_threshold
Igor,br BRA,DF,West Ham,27,1998,4,1,105,1.2,0,0,0,0,0,0,0,0,0.0,0.0,0.0,0.0,0.0,a4e85758,1.2,0,0,0,,0.0,0.0,,,0,0,a4e85758,1.2,,,,,,,,,,,,,,,0,,,,,,a4e85758,1.2,,,,,,,,,,,,,,,,,,,,,a4e85758,1.2,,0,,,,,,,,,,,1,,,,a4e85758,Igor__West Ham,below_600_min_threshold
Andy Irving,sct SCO,MF,West Ham,25,2000,7,2,158,1.8,0,0,0,0,0,0,0,0,0.0,0.0,0.0,0.0,0.0,b1be9fc0,1.8,0,0,0,,0.0,0.0,,,0,0,b1be9fc0,1.8,,,,,,,,,,,,,,,0,,,,,,b1be9fc0,1.8,,,,,,,,,,,,,,,,,,,,,b1be9fc0,1.8,,4,,,,,,,,,,,1,,,,b1be9fc0,Andy Irving__West Ham,below_600_min_threshold
Daniel James,wls WAL,FWMF,Leeds United,27,1997,19,6,559,6.2,0,0,0,0,0,0,0,0,0.0,0.0,0.0,0.0,0.0,c931d9f9,6.2,0,14,3,21.4,2.25,0.48,0.0,0.0,0,0,c931d9f9,6.2,,,,,,,,,,,,,,,0,,,,,,c931d9f9,6.2,,,,,,,,,,,,,,,,,,,,,c931d9f9,6.2,,5,,,,,,,,,,,1,,,,c931d9f9,Daniel James__Leeds United,below_600_min_threshold
Gabriel Jesus,br BRA,FW,Arsenal,28,1997,14,3,429,4.8,3,0,3,3,0,0,3,0,0.63,0.0,0.63,0.63,0.63,b66315ae,4.8,3,19,12,63.2,3.99,2.52,0.16,0.25,0,0,b66315ae,4.8,,,,,,,,,,,,,,,0,,,,,,b66315ae,4.8,,,,,,,,,,,,,,,,,,,,,b66315ae,4.8,,0,,,,,,,,,,,2,,,,b66315ae,Gabriel Jesus__Arsenal,below_600_min_threshold
Jamaldeen Jimoh,eng ENG,MF,Aston Villa,18,2006,1,0,9,0.1,0,0,0,0,0,0,0,0,0.0,0.0,0.0,0.0,0.0,1e711234,0.1,0,0,0,,0.0,0.0,,,0,0,1e711234,0.1,,,,,,,,,,,,,,,0,,,,,,1e711234,0.1,,,,,,,,,,,,,,,,,,,,,1e711234,0.1,,0,,,,,,,,,,,0,,,,1e711234,Jamaldeen Jimoh__Aston Villa,below_600_min_threshold
John,br BRA,GK,Nottingham,29,1996,5,5,437,4.9,0,0,0,0,0,0,1,0,0.0,0.0,0.0,0.0,0.0,33a235af,4.9,0,0,0,,0.0,0.0,,,0,0,33a235af,4.9,,,,,,,,,,,,,,,0,,,,,,33a235af,4.9,,,,,,,,,,,,,,,,,,,,,33a235af,4.9,,0,,,,,,,,,,,0,,,,33a235af,John__Nottingham,below_600_min_threshold
Hamed Junior Traorè,ci CIV,MF,Bournemouth,25,2000,1,0,17,0.2,0,1,1,0,0,0,0,0,0.0,5.29,5.29,0.0,5.29,570bb4b9,0.2,0,0,0,,0.0,0.0,,,0,0,570bb4b9,0.2,,,,,,,,,,,,,,,1,,,,,,570bb4b9,0.2,,,,,,,,,,,,,,,,,,,,,570bb4b9,0.2,,0,,,,,,,,,,,0,,,,570bb4b9,Hamed Junior Traorè__Bournemouth,below_600_min_threshold
Filip Jørgensen,dk DEN,GK,Chelsea,23,2002,5,3,379,4.2,0,0,0,0,0,0,0,0,0.0,0.0,0.0,0.0,0.0,0107757e,4.2,0,0,0,,0.0,0.0,,,0,0,0107757e,4.2,,,,,,,,,,,,,,,0,,,,,,0107757e,4.2,,,,,,,,,,,,,,,,,,,,,0107757e,4.2,,0,,,,,,,,,,,1,,,,0107757e,Filip Jørgensen__Chelsea,below_600_min_threshold
Saša Kalajdžić,at AUT,FWMF,Wolves,28,1997,1,0,15,0.2,0,0,0,0,0,0,0,0,0.0,0.0,0.0,0.0,0.0,15f24fe7,0.2,0,0,0,,0.0,0.0,,,0,0,15f24fe7,0.2,,,,,,,,,,,,,,,0,,,,,,15f24fe7,0.2,,,,,,,,,,,,,,,,,,,,,15f24fe7,0.2,,0,,,,,,,,,,,0,,,,15f24fe7,Saša Kalajdžić__Wolves,below_600_min_threshold
Arnaud Kalimuendo,fr FRA,FW,Nottingham,23,2002,9,0,96,1.1,0,0,0,0,0,0,0,0,0.0,0.0,0.0,0.0,0.0,bf4c41f9,1.1,0,4,1,25.0,3.75,0.94,0.0,0.0,0,0,bf4c41f9,1.1,,,,,,,,,,,,,,,0,,,,,,bf4c41f9,1.1,,,,,,,,,,,,,,,,,,,,,bf4c41f9,1.1,,1,,,,,,,,,,,0,,,,bf4c41f9,Arnaud Kalimuendo__Nottingham,below_600_min_threshold
Mohamadou Kanté,fr FRA,MF,West Ham,19,2005,11,0,75,0.8,0,0,0,0,0,0,2,0,0.0,0.0,0.0,0.0,0.0,0041f3e6,0.8,0,2,0,0.0,2.4,0.0,0.0,,0,0,0041f3e6,0.8,,,,,,,,,,,,,,,0,,,,,,0041f3e6,0.8,,,,,,,,,,,,,,,,,,,,,0041f3e6,0.8,,4,,,,,,,,,,,0,,,,0041f3e6,Mohamadou Kanté__West Ham,below_600_min_threshold
Joe Knight,eng ENG,MF,Brighton,19,2005,1,0,1,0.0,0,0,0,0,0,0,0,0,0.0,0.0,0.0,0.0,0.0,16168a0f,0.0,0,0,0,,0.0,0.0,,,0,0,16168a0f,0.0,,,,,,,,,,,,,,,0,,,,,,16168a0f,0.0,,,,,,,,,,,,,,,,,,,,,16168a0f,0.0,,0,,,,,,,,,,,0,,,,16168a0f,Joe Knight__Brighton,below_600_min_threshold
Charalampos Kostoulas,gr GRE,FW,Brighton,18,2007,21,2,369,4.1,2,1,3,2,0,0,2,0,0.49,0.24,0.73,0.49,0.73,816010c4,4.1,2,21,8,38.1,5.12,1.95,0.1,0.25,0,0,816010c4,4.1,,,,,,,,,,,,,,,1,,,,,,816010c4,4.1,,,,,,,,,,,,,,,,,,,,,816010c4,4.1,,6,,,,,,,,,,,1,,,,816010c4,Charalampos Kostoulas__Brighton,below_600_min_threshold
Mateo Kovačić,hr CRO,MF,Manchester City,31,1994,6,1,130,1.4,0,1,1,0,0,0,0,0,0.0,0.69,0.69,0.0,0.69,79c0821a,1.4,0,2,0,0.0,1.38,0.0,0.0,,0,0,79c0821a,1.4,,,,,,,,,,,,,,,1,,,,,,79c0821a,1.4,,,,,,,,,,,,,,,,,,,,,79c0821a,1.4,,1,,,,,,,,,,,2,,,,79c0821a,Mateo Kovačić__Manchester City,below_600_min_threshold
Emil Krafth,se SWE,DF,Newcastle,30,1994,1,1,45,0.5,0,0,0,0,0,0,0,0,0.0,0.0,0.0,0.0,0.0,77cf6852,0.5,0,0,0,,0.0,0.0,,,0,0,77cf6852,0.5,,,,,,,,,,,,,,,0,,,,,,77cf6852,0.5,,,,,,,,,,,,,,,,,,,,,77cf6852,0.5,,0,,,,,,,,,,,0,,,,77cf6852,Emil Krafth__Newcastle,below_600_min_threshold
Jonah Kusi-Asare,se SWE,FW,Fulham,18,2007,7,0,55,0.6,0,0,0,0,0,0,1,0,0.0,0.0,0.0,0.0,0.0,c7c26e61,0.6,0,0,0,,0.0,0.0,,,0,0,c7c26e61,0.6,,,,,,,,,,,,,,,0,,,,,,c7c26e61,0.6,,,,,,,,,,,,,,,,,,,,,c7c26e61,0.6,,1,,,,,,,,,,,0,,,,c7c26e61,Jonah Kusi-Asare__Fulham,below_600_min_threshold
Shea Lacey,eng ENG,FW,Manchester Utd,18,2007,3,0,43,0.5,0,0,0,0,0,0,0,0,0.0,0.0,0.0,0.0,0.0,3160e952,0.5,0,4,1,25.0,8.37,2.09,0.0,0.0,0,0,3160e952,0.5,,,,,,,,,,,,,,,0,,,,,,3160e952,0.5,,,,,,,,,,,,,,,,,,,,,3160e952,0.5,,0,,,,,,,,,,,0,,,,3160e952,Shea Lacey__Manchester Utd,below_600_min_threshold
Jamaal Lascelles,eng ENG,DF,Newcastle,31,1993,2,0,21,0.2,0,0,0,0,0,0,0,0,0.0,0.0,0.0,0.0,0.0,450ab6fc,0.2,0,1,0,0.0,4.29,0.0,0.0,,0,0,450ab6fc,0.2,,,,,,,,,,,,,,,0,,,,,,450ab6fc,0.2,,,,,,,,,,,,,,,,,,,,,450ab6fc,0.2,,0,,,,,,,,,,,0,,,,450ab6fc,Jamaal Lascelles__Newcastle,below_600_min_threshold
Roméo Lavia,be BEL,MF,Chelsea,21,2004,12,4,382,4.2,0,0,0,0,0,0,0,0,0.0,0.0,0.0,0.0,0.0,ecad9aa5,4.2,0,3,0,0.0,0.71,0.0,0.0,,0,0,ecad9aa5,4.2,,,,,,,,,,,,,,,0,,,,,,ecad9aa5,4.2,,,,,,,,,,,,,,,,,,,,,ecad9aa5,4.2,,7,,,,,,,,,,,5,,,,ecad9aa5,Roméo Lavia__Chelsea,below_600_min_threshold
Rico Lewis,eng ENG,DF,Manchester City,20,2004,11,4,407,4.5,0,1,1,0,0,0,2,0,0.0,0.22,0.22,0.0,0.22,b57e066e,4.5,0,3,0,0.0,0.66,0.0,0.0,,0,0,b57e066e,4.5,,,,,,,,,,,,,,,1,,,,,,b57e066e,4.5,,,,,,,,,,,,,,,,,,,,,b57e066e,4.5,,4,,,,,,,,,,,7,,,,b57e066e,Rico Lewis__Manchester City,below_600_min_threshold
Pedro Lima,br BRA,MF,Wolves,19,2006,9,3,260,2.9,0,0,0,0,0,0,0,0,0.0,0.0,0.0,0.0,0.0,b2f4cad5,2.9,0,4,1,25.0,1.38,0.35,0.0,0.0,0,0,b2f4cad5,2.9,,,,,,,,,,,,,,,0,,,,,,b2f4cad5,2.9,,,,,,,,,,,,,,,,,,,,,b2f4cad5,2.9,,5,,,,,,,,,,,4,,,,b2f4cad5,Pedro Lima__Wolves,below_600_min_threshold
Fer López,es ESP,MF,Wolves,21,2004,9,2,235,2.6,0,1,1,0,0,0,1,0,0.0,0.38,0.38,0.0,0.38,675cacff,2.6,0,5,1,20.0,1.91,0.38,0.0,0.0,0,0,675cacff,2.6,,,,,,,,,,,,,,,1,,,,,,675cacff,2.6,,,,,,,,,,,,,,,,,,,,,675cacff,2.6,,1,,,,,,,,,,,0,,,,675cacff,Fer López__Wolves,below_600_min_threshold
Lorenzo Lucca,it ITA,FW,Nottingham,24,2000,4,1,129,1.4,1,0,1,1,0,0,0,0,0.7,0.0,0.7,0.7,0.7,83c06f3a,1.4,1,4,1,25.0,2.79,0.7,0.25,1.0,0,0,83c06f3a,1.4,,,,,,,,,,,,,,,0,,,,,,83c06f3a,1.4,,,,,,,,,,,,,,,,,,,,,83c06f3a,1.4,,0,,,,,,,,,,,1,,,,83c06f3a,Lorenzo Lucca__Nottingham,below_600_min_threshold
Douglas Luiz,br BRA,MF,Nottingham,27,1998,8,5,315,3.5,0,0,0,0,0,0,2,0,0.0,0.0,0.0,0.0,0.0,6f7d826d,3.5,0,5,1,20.0,1.43,0.29,0.0,0.0,0,0,6f7d826d,3.5,,,,,,,,,,,,,,,0,,,,,,6f7d826d,3.5,,,,,,,,,,,,,,,,,,,,,6f7d826d,3.5,,3,,,,,,,,,,,7,,,,6f7d826d,Douglas Luiz__Nottingham,below_600_min_threshold
James Maddison,eng ENG,FWMF,Tottenham,28,1996,3,0,37,0.4,0,0,0,0,0,0,0,0,0.0,0.0,0.0,0.0,0.0,ee38d9c5,0.4,0,2,0,0.0,4.86,0.0,0.0,,0,0,ee38d9c5,0.4,,,,,,,,,,,,,,,0,,,,,,ee38d9c5,0.4,,,,,,,,,,,,,,,,,,,,,ee38d9c5,0.4,,1,,,,,,,,,,,0,,,,ee38d9c5,James Maddison__Tottenham,below_600_min_threshold
Tyrell Malacia,nl NED,DF,Manchester Utd,25,1999,3,0,18,0.2,0,0,0,0,0,0,0,0,0.0,0.0,0.0,0.0,0.0,6b6c793c,0.2,0,0,0,,0.0,0.0,,,0,0,6b6c793c,0.2,,,,,,,,,,,,,,,0,,,,,,6b6c793c,0.2,,,,,,,,,,,,,,,,,,,,,6b6c793c,0.2,,1,,,,,,,,,,,0,,,,6b6c793c,Tyrell Malacia__Manchester Utd,below_600_min_threshold
Bendito Mantato,eng ENG,MF,Manchester Utd,17,2008,1,0,16,0.2,0,0,0,0,0,0,0,0,0.0,0.0,0.0,0.0,0.0,e8a55b80,0.2,0,0,0,,0.0,0.0,,,0,0,e8a55b80,0.2,,,,,,,,,,,,,,,0,,,,,,e8a55b80,0.2,,,,,,,,,,,,,,,,,,,,,e8a55b80,0.2,,0,,,,,,,,,,,0,,,,e8a55b80,Bendito Mantato__Manchester Utd,below_600_min_threshold
Solly March,eng ENG,MF,Brighton,31,1994,4,0,41,0.5,0,0,0,0,0,0,0,0,0.0,0.0,0.0,0.0,0.0,bb5fbd2b,0.5,0,1,1,100.0,2.2,2.2,0.0,0.0,0,0,bb5fbd2b,0.5,,,,,,,,,,,,,,,0,,,,,,bb5fbd2b,0.5,,,,,,,,,,,,,,,,,,,,,bb5fbd2b,0.5,,2,,,,,,,,,,,0,,,,bb5fbd2b,Solly March__Brighton,below_600_min_threshold
Callum Marshall,nir NIR,FW,West Ham,20,2004,2,0,60,0.7,0,0,0,0,0,0,0,0,0.0,0.0,0.0,0.0,0.0,3a27f1bf,0.7,0,1,0,0.0,1.5,0.0,0.0,,0,0,3a27f1bf,0.7,,,,,,,,,,,,,,,0,,,,,,3a27f1bf,0.7,,,,,,,,,,,,,,,,,,,,,3a27f1bf,0.7,,0,,,,,,,,,,,2,,,,3a27f1bf,Callum Marshall__West Ham,below_600_min_threshold
Arthur Masuaku,cd COD,DF,Sunderland,31,1993,3,2,126,1.4,0,0,0,0,0,0,1,0,0.0,0.0,0.0,0.0,0.0,57df7a11,1.4,0,1,0,0.0,0.71,0.0,0.0,,0,0,57df7a11,1.4,,,,,,,,,,,,,,,0,,,,,,57df7a11,1.4,,,,,,,,,,,,,,,,,,,,,57df7a11,1.4,,2,,,,,,,,,,,2,,,,57df7a11,Arthur Masuaku__Sunderland,below_600_min_threshold
Ezra Mayers,bb BRB,DF,West Ham,18,2007,6,0,117,1.3,0,0,0,0,0,0,0,0,0.0,0.0,0.0,0.0,0.0,9a85a651,1.3,0,1,0,0.0,0.77,0.0,0.0,,0,0,9a85a651,1.3,,,,,,,,,,,,,,,0,,,,,,9a85a651,1.3,,,,,,,,,,,,,,,,,,,,,9a85a651,1.3,,0,,,,,,,,,,,1,,,,9a85a651,Ezra Mayers__West Ham,below_600_min_threshold
James Mcatee,eng ENG,MF,Nottingham,22,2002,14,2,298,3.3,0,1,1,0,0,0,1,0,0.0,0.3,0.3,0.0,0.3,96593e89,3.3,0,4,0,0.0,1.21,0.0,0.0,,0,0,96593e89,3.3,,,,,,,,,,,,,,,1,,,,,,96593e89,3.3,,,,,,,,,,,,,,,,,,,,,96593e89,3.3,,4,,,,,,,,,,,3,,,,96593e89,James Mcatee__Nottingham,below_600_min_threshold
Shumaira Mheuka,eng ENG,FW,Chelsea,17,2007,1,0,2,0.0,0,0,0,0,0,0,0,0,0.0,0.0,0.0,0.0,0.0,43d0b694,0.0,0,0,0,,0.0,0.0,,,0,0,43d0b694,0.0,,,,,,,,,,,,,,,0,,,,,,43d0b694,0.0,,,,,,,,,,,,,,,,,,,,,43d0b694,0.0,,0,,,,,,,,,,,0,,,,43d0b694,Shumaira Mheuka__Chelsea,below_600_min_threshold
Antoni Milambo,nl NED,MF,Brentford,20,2005,1,1,45,0.5,0,0,0,0,0,0,0,0,0.0,0.0,0.0,0.0,0.0,b05f4787,0.5,0,0,0,,0.0,0.0,,,0,0,b05f4787,0.5,,,,,,,,,,,,,,,0,,,,,,b05f4787,0.5,,,,,,,,,,,,,,,,,,,,,b05f4787,0.5,,1,,,,,,,,,,,0,,,,b05f4787,Antoni Milambo__Brentford,below_600_min_threshold
Veljko Milosavljević,rs SRB,DF,Bournemouth,18,2007,7,4,368,4.1,0,0,0,0,0,0,0,0,0.0,0.0,0.0,0.0,0.0,c478319d,4.1,0,1,0,0.0,0.24,0.0,0.0,,0,0,c478319d,4.1,,,,,,,,,,,,,,,0,,,,,,c478319d,4.1,,,,,,,,,,,,,,,,,,,,,c478319d,4.1,,4,,,,,,,,,,,4,,,,c478319d,Veljko Milosavljević__Bournemouth,below_600_min_threshold
Divine Mukasa,eng ENG,MF,Manchester City,17,2007,2,0,27,0.3,0,0,0,0,0,0,0,0,0.0,0.0,0.0,0.0,0.0,ce7ae86a,0.3,0,0,0,,0.0,0.0,,,0,0,ce7ae86a,0.3,,,,,,,,,,,,,,,0,,,,,,ce7ae86a,0.3,,,,,,,,,,,,,,,,,,,,,ce7ae86a,0.3,,0,,,,,,,,,,,0,,,,ce7ae86a,Divine Mukasa__Manchester City,below_600_min_threshold
Romaine Mundle,eng ENG,MF,Sunderland,22,2003,14,2,411,4.6,0,0,0,0,0,0,1,0,0.0,0.0,0.0,0.0,0.0,597610cd,4.6,0,7,2,28.6,1.53,0.44,0.0,0.0,0,0,597610cd,4.6,,,,,,,,,,,,,,,0,,,,,,597610cd,4.6,,,,,,,,,,,,,,,,,,,,,597610cd,4.6,,4,,,,,,,,,,,1,,,,597610cd,Romaine Mundle__Sunderland,below_600_min_threshold
Alex Murphy,ie IRL,DF,Newcastle,21,2004,2,0,9,0.1,0,0,0,0,0,0,0,0,0.0,0.0,0.0,0.0,0.0,f1c42eb3,0.1,0,0,0,,0.0,0.0,,,0,0,f1c42eb3,0.1,,,,,,,,,,,,,,,0,,,,,,f1c42eb3,0.1,,,,,,,,,,,,,,,,,,,,,f1c42eb3,0.1,,0,,,,,,,,,,,1,,,,f1c42eb3,Alex Murphy__Newcastle,below_600_min_threshold
Sean Neave,eng ENG,FW,Newcastle,18,2007,1,0,14,0.2,0,0,0,0,0,0,0,0,0.0,0.0,0.0,0.0,0.0,ff392864,0.2,0,1,0,0.0,6.43,0.0,0.0,,0,0,ff392864,0.2,,,,,,,,,,,,,,,0,,,,,,ff392864,0.2,,,,,,,,,,,,,,,,,,,,,ff392864,0.2,,0,,,,,,,,,,,0,,,,ff392864,Sean Neave__Newcastle,below_600_min_threshold
Dan Neil,eng ENG,MF,Sunderland,23,2001,3,0,14,0.2,0,0,0,0,0,0,0,0,0.0,0.0,0.0,0.0,0.0,a47ad0f5,0.2,0,0,0,,0.0,0.0,,,0,0,a47ad0f5,0.2,,,,,,,,,,,,,,,0,,,,,,a47ad0f5,0.2,,,,,,,,,,,,,,,,,,,,,a47ad0f5,0.2,,0,,,,,,,,,,,1,,,,a47ad0f5,Dan Neil__Sunderland,below_600_min_threshold
Reiss Nelson,eng ENG,FWMF,Brentford,25,1999,10,0,126,1.4,0,1,1,0,0,0,0,0,0.0,0.71,0.71,0.0,0.71,c5bdb6e3,1.4,0,5,1,20.0,3.57,0.71,0.0,0.0,0,0,c5bdb6e3,1.4,,,,,,,,,,,,,,,1,,,,,,c5bdb6e3,1.4,,,,,,,,,,,,,,,,,,,,,c5bdb6e3,1.4,,3,,,,,,,,,,,0,,,,c5bdb6e3,Reiss Nelson__Brentford,below_600_min_threshold
Luca Netz,de GER,DFMF,Nottingham,22,2003,7,3,357,4.0,0,0,0,0,0,0,0,0,0.0,0.0,0.0,0.0,0.0,e79269bd,4.0,0,0,0,,0.0,0.0,,,0,0,e79269bd,4.0,,,,,,,,,,,,,,,0,,,,,,e79269bd,4.0,,,,,,,,,,,,,,,,,,,,,e79269bd,4.0,,8,,,,,,,,,,,1,,,,e79269bd,Luca Netz__Nottingham,below_600_min_threshold
Rio Ngumoha,eng ENG,MF,Liverpool,16,2008,19,5,560,6.2,2,1,3,2,0,0,0,0,0.32,0.16,0.48,0.32,0.48,022eca88,6.2,2,16,6,37.5,2.57,0.96,0.13,0.33,0,0,022eca88,6.2,,,,,,,,,,,,,,,1,,,,,,022eca88,6.2,,,,,,,,,,,,,,,,,,,,,022eca88,6.2,,2,,,,,,,,,,,3,,,,022eca88,Rio Ngumoha__Liverpool,below_600_min_threshold
Eddie Nketiah,eng ENG,MF,Crystal Palace,26,1999,12,2,424,4.7,2,0,2,2,0,0,2,0,0.42,0.0,0.42,0.42,0.42,a53649b7,4.7,2,15,6,40.0,3.18,1.27,0.13,0.33,0,0,a53649b7,4.7,,,,,,,,,,,,,,,0,,,,,,a53649b7,4.7,,,,,,,,,,,,,,,,,,,,,a53649b7,4.7,,6,,,,,,,,,,,2,,,,a53649b7,Eddie Nketiah__Crystal Palace,below_600_min_threshold
Ethan Nwaneri,eng ENG,MF,Arsenal,18,2007,6,0,171,1.9,0,0,0,0,0,0,0,0,0.0,0.0,0.0,0.0,0.0,7f94982c,1.9,0,6,0,0.0,3.16,0.0,0.0,,0,0,7f94982c,1.9,,,,,,,,,,,,,,,0,,,,,,7f94982c,1.9,,,,,,,,,,,,,,,,,,,,,7f94982c,1.9,,0,,,,,,,,,,,0,,,,7f94982c,Ethan Nwaneri__Arsenal,below_600_min_threshold
Trey Nyoni,eng ENG,MF,Liverpool,18,2007,6,0,24,0.3,0,0,0,0,0,0,0,0,0.0,0.0,0.0,0.0,0.0,1d3b3d77,0.3,0,1,0,0.0,3.75,0.0,0.0,,0,0,1d3b3d77,0.3,,,,,,,,,,,,,,,0,,,,,,1d3b3d77,0.3,,,,,,,,,,,,,,,,,,,,,1d3b3d77,0.3,,0,,,,,,,,,,,0,,,,1d3b3d77,Trey Nyoni__Liverpool,below_600_min_threshold
Christian Nørgaard,dk DEN,MF,Arsenal,31,1994,7,1,106,1.2,0,0,0,0,0,0,0,0,0.0,0.0,0.0,0.0,0.0,df0a4c90,1.2,0,2,1,50.0,1.7,0.85,0.0,0.0,0,0,df0a4c90,1.2,,,,,,,,,,,,,,,0,,,,,,df0a4c90,1.2,,,,,,,,,,,,,,,,,,,,,df0a4c90,1.2,,2,,,,,,,,,,,1,,,,df0a4c90,Christian Nørgaard__Arsenal,below_600_min_threshold
Luke O'Nien,eng ENG,DF,Sunderland,30,1994,12,5,569,6.3,0,1,1,0,0,0,1,1,0.0,0.16,0.16,0.0,0.16,8092d497,6.3,0,4,1,25.0,0.63,0.16,0.0,0.0,0,0,8092d497,6.3,,,,,,,,,,,,,,,1,,,,,,8092d497,6.3,,,,,,,,,,,,,,,,,,,,,8092d497,6.3,,6,,,,,,,,,,,6,,,,8092d497,Luke O'Nien__Sunderland,below_600_min_threshold
Matt O'Riley,dk DEN,MF,Brighton,24,2000,6,2,204,2.3,1,0,1,0,1,1,0,0,0.44,0.0,0.44,0.0,0.0,fb495bb8,2.3,1,4,2,50.0,1.76,0.88,0.25,0.5,1,1,fb495bb8,2.3,,,,,,,,,,,,,,,0,,,,,,fb495bb8,2.3,,,,,,,,,,,,,,,,,,,,,fb495bb8,2.3,,2,,,,,,,,,,,0,,,,fb495bb8,Matt O'Riley__Brighton,below_600_min_threshold
Callum Olusesi,eng ENG,MF,Tottenham,18,2007,1,0,15,0.2,0,0,0,0,0,0,0,0,0.0,0.0,0.0,0.0,0.0,d6455444,0.2,0,0,0,,0.0,0.0,,,0,0,d6455444,0.2,,,,,,,,,,,,,,,0,,,,,,d6455444,0.2,,,,,,,,,,,,,,,,,,,,,d6455444,0.2,,0,,,,,,,,,,,0,,,,d6455444,Callum Olusesi__Tottenham,below_600_min_threshold
Frank Onyeka,ng NGA,MF,Brentford,27,1998,6,0,92,1.0,0,1,1,0,0,0,0,0,0.0,0.98,0.98,0.0,0.98,2944f86f,1.0,0,0,0,,0.0,0.0,,,0,0,2944f86f,1.0,,,,,,,,,,,,,,,1,,,,,,2944f86f,1.0,,,,,,,,,,,,,,,,,,,,,2944f86f,1.0,,0,,,,,,,,,,,0,,,,2944f86f,Frank Onyeka__Brentford,below_600_min_threshold
Nehemiah Oriola,eng ENG,MF,Brighton,18,2007,1,0,1,0.0,0,0,0,0,0,0,0,0,0.0,0.0,0.0,0.0,0.0,febb2831,0.0,0,0,0,,0.0,0.0,,,0,0,febb2831,0.0,,,,,,,,,,,,,,,0,,,,,,febb2831,0.0,,,,,,,,,,,,,,,,,,,,,febb2831,0.0,,0,,,,,,,,,,,0,,,,febb2831,Nehemiah Oriola__Brighton,below_600_min_threshold
Stefan Ortega,de GER,GK,Nottingham,32,1992,3,3,270,3.0,0,0,0,0,0,0,0,0,0.0,0.0,0.0,0.0,0.0,c1242d4e,3.0,0,0,0,,0.0,0.0,,,0,0,c1242d4e,3.0,,,,,,,,,,,,,,,0,,,,,,c1242d4e,3.0,,,,,,,,,,,,,,,,,,,,,c1242d4e,3.0,,0,,,,,,,,,,,0,,,,c1242d4e,Stefan Ortega__Nottingham,below_600_min_threshold
Nathan Patterson,sct SCO,DF,Everton,23,2001,7,3,241,2.7,0,0,0,0,0,0,0,0,0.0,0.0,0.0,0.0,0.0,230f0471,2.7,0,1,1,100.0,0.37,0.37,0.0,0.0,0,0,230f0471,2.7,,,,,,,,,,,,,,,0,,,,,,230f0471,2.7,,,,,,,,,,,,,,,,,,,,,230f0471,2.7,,4,,,,,,,,,,,2,,,,230f0471,Nathan Patterson__Everton,below_600_min_threshold
Myles Peart-Harris,eng ENG,MF,Brentford,22,2002,1,0,1,0.0,0,0,0,0,0,0,0,0,0.0,0.0,0.0,0.0,0.0,ea1a5662,0.0,0,0,0,,0.0,0.0,,,0,0,ea1a5662,0.0,,,,,,,,,,,,,,,0,,,,,,ea1a5662,0.0,,,,,,,,,,,,,,,,,,,,,ea1a5662,0.0,,0,,,,,,,,,,,0,,,,ea1a5662,Myles Peart-Harris__Brentford,below_600_min_threshold
Ethan Pinnock,jm JAM,DF,Brentford,32,1993,4,4,318,3.5,0,0,0,0,0,0,1,0,0.0,0.0,0.0,0.0,0.0,e541326e,3.5,0,1,1,100.0,0.28,0.28,0.0,0.0,0,0,e541326e,3.5,,,,,,,,,,,,,,,0,,,,,,e541326e,3.5,,,,,,,,,,,,,,,,,,,,,e541326e,3.5,,5,,,,,,,,,,,5,,,,e541326e,Ethan Pinnock__Brentford,below_600_min_threshold
Joël Piroe,sr SUR,FW,Leeds United,25,1999,16,2,258,2.9,0,0,0,0,0,0,0,0,0.0,0.0,0.0,0.0,0.0,1f0072a6,2.9,0,14,3,21.4,4.88,1.05,0.0,0.0,0,0,1f0072a6,2.9,,,,,,,,,,,,,,,0,,,,,,1f0072a6,2.9,,,,,,,,,,,,,,,,,,,,,1f0072a6,2.9,,1,,,,,,,,,,,1,,,,1f0072a6,Joël Piroe__Leeds United,below_600_min_threshold
Harrison Reed,eng ENG,MF,Fulham,30,1995,7,1,94,1.0,1,0,1,1,0,0,0,0,0.96,0.0,0.96,0.96,0.96,803ae100,1.0,1,2,1,50.0,1.91,0.96,0.5,1.0,0,0,803ae100,1.0,,,,,,,,,,,,,,,0,,,,,,803ae100,1.0,,,,,,,,,,,,,,,,,,,,,803ae100,1.0,,0,,,,,,,,,,,0,,,,803ae100,Harrison Reed__Fulham,below_600_min_threshold
Chadi Riad,ma MAR,DF,Crystal Palace,22,2003,9,6,552,6.1,0,1,1,0,0,0,2,0,0.0,0.16,0.16,0.0,0.16,b3b9b8b8,6.1,0,4,2,50.0,0.65,0.33,0.0,0.0,0,0,b3b9b8b8,6.1,,,,,,,,,,,,,,,1,,,,,,b3b9b8b8,6.1,,,,,,,,,,,,,,,,,,,,,b3b9b8b8,6.1,,5,,,,,,,,,,,4,,,,b3b9b8b8,Chadi Riad__Crystal Palace,below_600_min_threshold
Patrick Roberts,eng ENG,FWMF,Sunderland,28,1997,1,0,28,0.3,0,0,0,0,0,0,0,0,0.0,0.0,0.0,0.0,0.0,59d93937,0.3,0,1,0,0.0,3.21,0.0,0.0,,0,0,59d93937,0.3,,,,,,,,,,,,,,,0,,,,,,59d93937,0.3,,,,,,,,,,,,,,,,,,,,,59d93937,0.3,,0,,,,,,,,,,,0,,,,59d93937,Patrick Roberts__Sunderland,below_600_min_threshold
Kaden Rodney,eng ENG,DFMF,Crystal Palace,20,2004,1,0,4,0.0,0,0,0,0,0,0,0,0,0.0,0.0,0.0,0.0,0.0,49375cdd,0.0,0,0,0,,0.0,0.0,,,0,0,49375cdd,0.0,,,,,,,,,,,,,,,0,,,,,,49375cdd,0.0,,,,,,,,,,,,,,,,,,,,,49375cdd,0.0,,0,,,,,,,,,,,0,,,,49375cdd,Kaden Rodney__Crystal Palace,below_600_min_threshold
Guido Rodríguez,ar ARG,MF,West Ham,31,1994,6,2,180,2.0,0,0,0,0,0,0,1,0,0.0,0.0,0.0,0.0,0.0,34e393f2,2.0,0,1,0,0.0,0.5,0.0,0.0,,0,0,34e393f2,2.0,,,,,,,,,,,,,,,0,,,,,,34e393f2,2.0,,,,,,,,,,,,,,,,,,,,,34e393f2,2.0,,0,,,,,,,,,,,2,,,,34e393f2,Guido Rodríguez__West Ham,below_600_min_threshold
James Rowswell,eng ENG,DF,Tottenham,19,2006,1,0,1,0.0,0,0,0,0,0,0,0,0,0.0,0.0,0.0,0.0,0.0,419147f7,0.0,0,0,0,,0.0,0.0,,,0,0,419147f7,0.0,,,,,,,,,,,,,,,0,,,,,,419147f7,0.0,,,,,,,,,,,,,,,,,,,,,419147f7,0.0,,0,,,,,,,,,,,0,,,,419147f7,James Rowswell__Tottenham,below_600_min_threshold
Mamadou Sarr,sn SEN,DF,Chelsea,19,2005,3,1,102,1.1,0,0,0,0,0,0,0,0,0.0,0.0,0.0,0.0,0.0,61f80c89,1.1,0,1,0,0.0,0.88,0.0,0.0,,0,0,61f80c89,1.1,,,,,,,,,,,,,,,0,,,,,,61f80c89,1.1,,,,,,,,,,,,,,,,,,,,,61f80c89,1.1,,0,,,,,,,,,,,1,,,,61f80c89,Mamadou Sarr__Chelsea,below_600_min_threshold
Dane Scarlett,eng ENG,FW,Tottenham,21,2004,2,0,9,0.1,0,0,0,0,0,0,0,0,0.0,0.0,0.0,0.0,0.0,21945a9e,0.1,0,0,0,,0.0,0.0,,,0,0,21945a9e,0.1,,,,,,,,,,,,,,,0,,,,,,21945a9e,0.1,,,,,,,,,,,,,,,,,,,,,21945a9e,0.1,,0,,,,,,,,,,,0,,,,21945a9e,Dane Scarlett__Tottenham,below_600_min_threshold
Jenson Seelt,nl NED,DF,Sunderland,22,2003,2,1,134,1.5,0,0,0,0,0,0,0,0,0.0,0.0,0.0,0.0,0.0,ec75ee25,1.5,0,0,0,,0.0,0.0,,,0,0,ec75ee25,1.5,,,,,,,,,,,,,,,0,,,,,,ec75ee25,1.5,,,,,,,,,,,,,,,,,,,,,ec75ee25,1.5,,0,,,,,,,,,,,0,,,,ec75ee25,Jenson Seelt__Sunderland,below_600_min_threshold
Jota Silva,pt POR,FWMF,Nottingham,25,1999,1,0,12,0.1,0,0,0,0,0,0,0,0,0.0,0.0,0.0,0.0,0.0,4d77e622,0.1,0,0,0,,0.0,0.0,,,0,0,4d77e622,0.1,,,,,,,,,,,,,,,0,,,,,,4d77e622,0.1,,,,,,,,,,,,,,,,,,,,,4d77e622,0.1,,1,,,,,,,,,,,0,,,,4d77e622,Jota Silva__Nottingham,below_600_min_threshold
Julio Soler,ar ARG,DF,Bournemouth,20,2005,3,0,35,0.4,0,0,0,0,0,0,0,0,0.0,0.0,0.0,0.0,0.0,98c8559a,0.4,0,0,0,,0.0,0.0,,,0,0,98c8559a,0.4,,,,,,,,,,,,,,,0,,,,,,98c8559a,0.4,,,,,,,,,,,,,,,,,,,,,98c8559a,0.4,,0,,,,,,,,,,,0,,,,98c8559a,Julio Soler__Bournemouth,below_600_min_threshold
Oliver Sonne,pe PER,DF,Burnley,24,2000,7,1,169,1.9,1,0,1,1,0,0,0,0,0.53,0.0,0.53,0.53,0.53,b66b8d5e,1.9,1,3,1,33.3,1.6,0.53,0.33,1.0,0,0,b66b8d5e,1.9,,,,,,,,,,,,,,,0,,,,,,b66b8d5e,1.9,,,,,,,,,,,,,,,,,,,,,b66b8d5e,1.9,,1,,,,,,,,,,,1,,,,b66b8d5e,Oliver Sonne__Burnley,below_600_min_threshold
Borna Sosa,hr CRO,DFMF,Crystal Palace,27,1998,7,0,101,1.1,0,0,0,0,0,0,1,0,0.0,0.0,0.0,0.0,0.0,af0d79a9,1.1,0,1,0,0.0,0.89,0.0,0.0,,0,0,af0d79a9,1.1,,,,,,,,,,,,,,,0,,,,,,af0d79a9,1.1,,,,,,,,,,,,,,,,,,,,,af0d79a9,1.1,,0,,,,,,,,,,,2,,,,af0d79a9,Borna Sosa__Crystal Palace,below_600_min_threshold
Souza,br BRA,MF,Tottenham,19,2006,4,2,144,1.6,0,0,0,0,0,0,1,0,0.0,0.0,0.0,0.0,0.0,10b0c6f4,1.6,0,1,1,100.0,0.62,0.62,0.0,0.0,0,0,10b0c6f4,1.6,,,,,,,,,,,,,,,0,,,,,,10b0c6f4,1.6,,,,,,,,,,,,,,,,,,,,,10b0c6f4,1.6,,0,,,,,,,,,,,2,,,,10b0c6f4,Souza__Tottenham,below_600_min_threshold
John Stones,eng ENG,DF,Manchester City,31,1994,9,5,439,4.9,0,0,0,0,0,0,0,0,0.0,0.0,0.0,0.0,0.0,5eecec3d,4.9,0,0,0,,0.0,0.0,,,0,0,5eecec3d,4.9,,,,,,,,,,,,,,,0,,,,,,5eecec3d,4.9,,,,,,,,,,,,,,,,,,,,,5eecec3d,4.9,,1,,,,,,,,,,,3,,,,5eecec3d,John Stones__Manchester City,below_600_min_threshold
Jocelin Ta Bi,ci CIV,MF,Sunderland,20,2005,1,1,38,0.4,0,0,0,0,0,0,0,0,0.0,0.0,0.0,0.0,0.0,1f019509,0.4,0,0,0,,0.0,0.0,,,0,0,1f019509,0.4,,,,,,,,,,,,,,,0,,,,,,1f019509,0.4,,,,,,,,,,,,,,,,,,,,,1f019509,0.4,,0,,,,,,,,,,,0,,,,1f019509,Jocelin Ta Bi__Sunderland,below_600_min_threshold
Alex Tóth,hu HUN,MF,Bournemouth,19,2005,9,2,140,1.6,0,0,0,0,0,0,1,0,0.0,0.0,0.0,0.0,0.0,5e18c6f4,1.6,0,2,0,0.0,1.29,0.0,0.0,,0,0,5e18c6f4,1.6,,,,,,,,,,,,,,,0,,,,,,5e18c6f4,1.6,,,,,,,,,,,,,,,,,,,,,5e18c6f4,1.6,,0,,,,,,,,,,,3,,,,5e18c6f4,Alex Tóth__Bournemouth,below_600_min_threshold
James Trafford,eng ENG,GK,Manchester City,22,2002,4,4,360,4.0,0,0,0,0,0,0,0,0,0.0,0.0,0.0,0.0,0.0,259fea27,4.0,0,0,0,,0.0,0.0,,,0,0,259fea27,4.0,,,,,,,,,,,,,,,0,,,,,,259fea27,4.0,,,,,,,,,,,,,,,,,,,,,259fea27,4.0,,1,,,,,,,,,,,0,,,,259fea27,James Trafford__Manchester City,below_600_min_threshold
Adama Traoré,es ESP,MF,Fulham,29,1996,15,1,274,3.0,0,0,0,0,0,0,0,0,0.0,0.0,0.0,0.0,0.0,9a28eba4,3.0,0,5,1,20.0,1.64,0.33,0.0,0.0,0,0,9a28eba4,3.0,,,,,,,,,,,,,,,0,,,,,,9a28eba4,3.0,,,,,,,,,,,,,,,,,,,,,9a28eba4,3.0,,1,,,,,,,,,,,0,,,,9a28eba4,Adama Traoré__Fulham,below_600_min_threshold
Adama Traoré,es ESP,FWMF,West Ham,29,1996,9,0,121,1.3,0,0,0,0,0,0,1,0,0.0,0.0,0.0,0.0,0.0,9a28eba4,1.3,0,2,0,0.0,1.49,0.0,0.0,,0,0,9a28eba4,1.3,,,,,,,,,,,,,,,0,,,,,,9a28eba4,1.3,,,,,,,,,,,,,,,,,,,,,9a28eba4,1.3,,1,,,,,,,,,,,0,,,,9a28eba4,Adama Traoré__West Ham,below_600_min_threshold
Mike Trésor,be BEL,FWMF,Burnley,26,1999,6,0,43,0.5,0,0,0,0,0,0,0,0,0.0,0.0,0.0,0.0,0.0,b2a81fc6,0.5,0,0,0,,0.0,0.0,,,0,0,b2a81fc6,0.5,,,,,,,,,,,,,,,0,,,,,,b2a81fc6,0.5,,,,,,,,,,,,,,,,,,,,,b2a81fc6,0.5,,1,,,,,,,,,,,0,,,,b2a81fc6,Mike Trésor__Burnley,below_600_min_threshold
Stefanos Tzimas,gr GRE,FW,Brighton,19,2006,9,1,139,1.5,1,1,2,1,0,0,0,0,0.65,0.65,1.29,0.65,1.29,a497130f,1.5,1,4,1,25.0,2.59,0.65,0.25,1.0,0,0,a497130f,1.5,,,,,,,,,,,,,,,1,,,,,,a497130f,1.5,,,,,,,,,,,,,,,,,,,,,a497130f,1.5,,1,,,,,,,,,,,0,,,,a497130f,Stefanos Tzimas__Brighton,below_600_min_threshold
Christantus Uche,ng NGA,FW,Crystal Palace,22,2003,14,0,173,1.9,0,0,0,0,0,0,0,0,0.0,0.0,0.0,0.0,0.0,87941696,1.9,0,6,2,33.3,3.12,1.04,0.0,0.0,0,0,87941696,1.9,,,,,,,,,,,,,,,0,,,,,,87941696,1.9,,,,,,,,,,,,,,,,,,,,,87941696,1.9,,1,,,,,,,,,,,0,,,,87941696,Christantus Uche__Crystal Palace,below_600_min_threshold
Enes Ünal,tr TUR,FW,Bournemouth,28,1997,23,0,232,2.6,1,0,1,1,0,0,1,0,0.39,0.0,0.39,0.39,0.39,f8eca1b6,2.6,1,15,3,20.0,5.82,1.16,0.07,0.33,0,0,f8eca1b6,2.6,,,,,,,,,,,,,,,0,,,,,,f8eca1b6,2.6,,,,,,,,,,,,,,,,,,,,,f8eca1b6,2.6,,1,,,,,,,,,,,0,,,,f8eca1b6,Enes Ünal__Bournemouth,below_600_min_threshold
Hákon Valdimarsson,is ISL,GK,Brentford,23,2001,1,1,90,1.0,0,0,0,0,0,0,0,0,0.0,0.0,0.0,0.0,0.0,57a34cf4,1.0,0,0,0,,0.0,0.0,,,0,0,57a34cf4,1.0,,,,,,,,,,,,,,,0,,,,,,57a34cf4,1.0,,,,,,,,,,,,,,,,,,,,,57a34cf4,1.0,,0,,,,,,,,,,,0,,,,57a34cf4,Hákon Valdimarsson__Brentford,below_600_min_threshold
James Ward-Prowse,eng ENG,MF,West Ham,30,1994,5,5,413,4.6,0,0,0,0,0,0,0,0,0.0,0.0,0.0,0.0,0.0,3515d404,4.6,0,2,0,0.0,0.44,0.0,0.0,,0,0,3515d404,4.6,,,,,,,,,,,,,,,0,,,,,,3515d404,4.6,,,,,,,,,,,,,,,,,,,,,3515d404,4.6,,2,,,,,,,,,,,6,,,,3515d404,James Ward-Prowse__West Ham,below_600_min_threshold
Tom Watson,eng ENG,MF,Brighton,19,2006,6,0,62,0.7,0,0,0,0,0,0,1,0,0.0,0.0,0.0,0.0,0.0,9886c32e,0.7,0,1,1,100.0,1.45,1.45,0.0,0.0,0,0,9886c32e,0.7,,,,,,,,,,,,,,,0,,,,,,9886c32e,0.7,,,,,,,,,,,,,,,,,,,,,9886c32e,0.7,,1,,,,,,,,,,,0,,,,9886c32e,Tom Watson__Brighton,below_600_min_threshold
Max Weiß,de GER,GK,Burnley,21,2004,3,3,270,3.0,0,0,0,0,0,0,0,0,0.0,0.0,0.0,0.0,0.0,882228c2,3.0,0,0,0,,0.0,0.0,,,0,0,882228c2,3.0,,,,,,,,,,,,,,,0,,,,,,882228c2,3.0,,,,,,,,,,,,,,,,,,,,,882228c2,3.0,,0,,,,,,,,,,,0,,,,882228c2,Max Weiß__Burnley,below_600_min_threshold
Ben Winterburn,eng ENG,MF,Bournemouth,20,2004,1,0,7,0.1,0,0,0,0,0,0,0,0,0.0,0.0,0.0,0.0,0.0,ba31eee2,0.1,0,0,0,,0.0,0.0,,,0,0,ba31eee2,0.1,,,,,,,,,,,,,,,0,,,,,,ba31eee2,0.1,,,,,,,,,,,,,,,,,,,,,ba31eee2,0.1,,0,,,,,,,,,,,0,,,,ba31eee2,Ben Winterburn__Bournemouth,below_600_min_threshold
Yoane Wissa,cd COD,FW,Newcastle,28,1996,19,4,531,5.9,1,1,2,1,0,0,3,0,0.17,0.17,0.34,0.17,0.34,2500cef9,5.9,1,13,5,38.5,2.2,0.85,0.08,0.2,0,0,2500cef9,5.9,,,,,,,,,,,,,,,1,,,,,,2500cef9,5.9,,,,,,,,,,,,,,,,,,,,,2500cef9,5.9,,5,,,,,,,,,,,0,,,,2500cef9,Yoane Wissa__Newcastle,below_600_min_threshold
Freddie Woodman,eng ENG,GK,Liverpool,28,1997,3,2,213,2.4,0,0,0,0,0,0,0,0,0.0,0.0,0.0,0.0,0.0,19e50035,2.4,0,0,0,,0.0,0.0,,,0,0,19e50035,2.4,,,,,,,,,,,,,,,0,,,,,,19e50035,2.4,,,,,,,,,,,,,,,,,,,,,19e50035,2.4,,0,,,,,,,,,,,0,,,,19e50035,Freddie Woodman__Liverpool,below_600_min_threshold
Joe Worrall,eng ENG,DF,Burnley,28,1997,11,5,500,5.6,0,0,0,0,0,0,0,0,0.0,0.0,0.0,0.0,0.0,a5212312,5.6,0,1,0,0.0,0.18,0.0,0.0,,0,0,a5212312,5.6,,,,,,,,,,,,,,,0,,,,,,a5212312,5.6,,,,,,,,,,,,,,,,,,,,,a5212312,5.6,,2,,,,,,,,,,,6,,,,a5212312,Joe Worrall__Burnley,below_600_min_threshold
Oleksandr Zinchenko,ua UKR,DF,Nottingham,28,1996,5,4,353,3.9,0,0,0,0,0,0,0,0,0.0,0.0,0.0,0.0,0.0,51cf8561,3.9,0,4,2,50.0,1.02,0.51,0.0,0.0,0,0,51cf8561,3.9,,,,,,,,,,,,,,,0,,,,,,51cf8561,3.9,,,,,,,,,,,,,,,,,,,,,51cf8561,3.9,,6,,,,,,,,,,,2,,,,51cf8561,Oleksandr Zinchenko__Nottingham,below_600_min_threshold
