stint_id,Gls/90,Ast/90,Sh/90,SoT%,G/Sh,G/SoT,TklW/90,Int/90,TklWInt/90
Brenden Aaronson__Leeds United,0.14705882352941177,0.18382352941176472,1.7279411764705883,36.2,0.09,0.24,0.9926470588235294,0.625,1.6176470588235294
Joshua Acheampong__Chelsea,0.13513513513513511,0.0,0.5405405405405405,50.0,0.25,0.5,1.081081081081081,1.6216216216216215,2.7027027027027026
Tyler Adams__Bournemouth,0.10152284263959391,0.10152284263959391,0.5076142131979695,60.0,0.2,0.33,1.218274111675127,1.5228426395939088,2.7411167512690358
Tosin Adarabioyo__Chelsea,0.0,0.0,0.22727272727272727,0.0,0.0,0.0,0.6818181818181818,1.0227272727272727,1.7045454545454544
Simon Adingra__Sunderland,0.136986301369863,0.0,0.8219178082191781,33.3,0.17,0.5,1.095890410958904,0.273972602739726,1.36986301369863
Amine Adli__Bournemouth,0.24590163934426232,0.0819672131147541,1.639344262295082,45.0,0.15,0.33,1.3934426229508197,0.49180327868852464,1.8852459016393444
Emmanuel Agbadou__Wolves,0.0,0.0,0.819672131147541,30.0,0.0,0.0,1.7213114754098362,1.1475409836065575,2.8688524590163937
Ola Aina__Nottingham,0.0,0.0,0.6818181818181818,8.3,0.0,0.0,1.1931818181818181,1.477272727272727,2.6704545454545454
Rayan Aït-Nouri__Manchester City,0.0,0.18518518518518517,0.9259259259259258,20.0,0.0,0.0,1.9444444444444444,1.2037037037037037,3.148148148148148
Kristoffer Ajer__Brentford,0.0,0.04975124378109452,0.49751243781094523,30.0,0.0,0.0,1.144278606965174,0.7462686567164178,1.8905472636815919
Nathan Aké__Manchester City,0.0,0.0,0.9090909090909091,14.3,0.0,0.0,0.7792207792207793,0.6493506493506493,1.4285714285714286
Carlos Alcaraz__Everton,0.0,0.12987012987012986,2.5974025974025974,25.0,0.0,0.0,1.1688311688311688,0.2597402597402597,1.4285714285714286
Omar Alderete__Sunderland,0.03215434083601286,0.03215434083601286,0.7717041800643086,37.5,0.04,0.11,0.5787781350482315,1.157556270096463,1.7363344051446945
Ethan Ampadu__Leeds United,0.02881844380403458,0.02881844380403458,0.7492795389048991,23.1,0.04,0.17,1.3256484149855907,1.440922190201729,2.7665706051873196
Joachim Andersen__Fulham,0.0,0.031347962382445145,0.5015673981191223,25.0,0.0,0.0,0.8150470219435737,1.0658307210031348,1.8808777429467085
Elliot Anderson__Nottingham,0.10810810810810811,0.10810810810810811,1.1891891891891893,22.7,0.09,0.4,1.6216216216216217,1.1081081081081081,2.72972972972973
André__Wolves,0.03257328990228013,0.0,0.48859934853420195,6.7,0.07,1.0,1.3680781758957654,0.8143322475570033,2.182410423452769
Jaidon Anthony__Burnley,0.26490066225165565,0.06622516556291391,1.8211920529801324,41.8,0.15,0.35,0.695364238410596,0.5298013245033113,1.2251655629139073
Jhon Arias__Wolves,0.08,0.0,1.28,18.8,0.06,0.33,2.16,0.56,2.72
Adam Armstrong__Wolves,0.15748031496062992,0.15748031496062992,1.4173228346456694,33.3,0.11,0.33,0.31496062992125984,0.07874015748031496,0.3937007874015748
Tolu Arokodare__Wolves,0.18987341772151897,0.06329113924050632,2.911392405063291,34.8,0.07,0.19,0.2531645569620253,0.3164556962025316,0.5696202531645569
Yasin Ayari__Brighton,0.14018691588785048,0.14018691588785048,1.9158878504672898,24.4,0.07,0.3,1.1682242990654206,1.2149532710280375,2.383177570093458
Carlos Baleba__Brighton,0.0,0.0,1.0869565217391306,10.0,0.0,0.0,1.1413043478260871,1.5217391304347827,2.6630434782608696
Daniel Ballard__Sunderland,0.08368200836820085,0.0,1.087866108786611,34.6,0.08,0.22,0.7112970711297072,0.8368200836820084,1.5481171548117156
Ross Barkley__Aston Villa,0.3157894736842105,0.10526315789473684,1.894736842105263,44.4,0.17,0.38,1.1578947368421053,0.21052631578947367,1.368421052631579
Harvey Barnes__Newcastle,0.3211009174311926,0.04587155963302752,2.6605504587155964,36.2,0.12,0.33,0.2293577981651376,0.13761467889908258,0.36697247706422015
Thierno Barry__Everton,0.3755868544600939,0.0,1.784037558685446,36.8,0.21,0.57,0.18779342723004694,0.2347417840375587,0.4225352112676056
Calvin Bassey__Fulham,0.03546099290780142,0.0,0.425531914893617,8.3,0.08,1.0,1.1347517730496455,0.7801418439716312,1.9148936170212767
Jean-Ricner Bellegarde__Wolves,0.07194244604316546,0.07194244604316546,1.5107913669064748,33.3,0.05,0.14,1.079136690647482,0.6474820143884892,1.7266187050359711
Rodrigo Bentancur__Tottenham,0.04784688995215311,0.04784688995215311,0.6220095693779905,23.1,0.08,0.33,1.722488038277512,1.722488038277512,3.444976076555024
Sander Berge__Fulham,0.0,0.030959752321981428,0.43343653250774,21.4,0.0,0.0,1.2693498452012384,0.8049535603715171,2.0743034055727554
Lucas Bergvall__Tottenham,0.09345794392523366,0.28037383177570097,1.1214953271028039,41.7,0.08,0.2,1.3084112149532712,0.28037383177570097,1.5887850467289721
Beto__Everton,0.5172413793103449,0.0574712643678161,2.4712643678160924,39.5,0.21,0.53,0.2873563218390805,0.0574712643678161,0.3448275862068966
Jaka Bijol__Leeds United,0.047619047619047616,0.09523809523809523,0.7142857142857143,40.0,0.07,0.17,0.6190476190476191,1.0476190476190477,1.6666666666666667
Yves Bissouma__Tottenham,0.0,0.0,0.7462686567164178,40.0,0.0,0.0,1.6417910447761193,1.1940298507462686,2.835820895522388
Lamare Bogarde__Aston Villa,0.0,0.0,0.0,0.0,0.0,0.0,1.623931623931624,0.3418803418803419,1.965811965811966
Jayden Bogle__Leeds United,0.03225806451612903,0.06451612903225806,0.5806451612903226,22.2,0.06,0.25,1.3870967741935485,0.967741935483871,2.3548387096774195
Olivier Boscagli__Brighton,0.0,0.11235955056179775,0.11235955056179775,0.0,0.0,0.0,1.2359550561797752,1.797752808988764,3.033707865168539
Sven Botman__Newcastle,0.04901960784313726,0.04901960784313726,0.7352941176470589,26.7,0.07,0.25,0.6862745098039216,1.2254901960784315,1.911764705882353
Jarrod Bowen__West Ham,0.2380952380952381,0.29100529100529104,2.08994708994709,35.4,0.11,0.32,0.7407407407407408,0.7142857142857143,1.4550264550264551
Conor Bradley__Liverpool,0.0,0.0970873786407767,0.5825242718446602,0.0,0.0,0.0,1.4563106796116503,1.1650485436893203,2.6213592233009706
Jarrad Branthwaite__Everton,0.13157894736842105,0.0,0.7894736842105263,33.3,0.17,0.5,0.7894736842105263,1.4473684210526316,2.236842105263158
Brian Brobbey__Sunderland,0.3271028037383178,0.04672897196261683,1.6822429906542058,50.0,0.19,0.39,0.09345794392523366,0.0,0.09345794392523366
Armando Broja__Burnley,0.10416666666666667,0.10416666666666667,1.6666666666666667,37.5,0.06,0.17,0.3125,0.3125,0.625
David Brooks__Bournemouth,0.07462686567164178,0.22388059701492538,3.582089552238806,27.1,0.02,0.08,0.9701492537313433,0.29850746268656714,1.2686567164179103
Jacob Bruun Larsen__Burnley,0.0,0.08771929824561403,1.4912280701754386,23.5,0.0,0.0,0.2631578947368421,0.5263157894736842,0.7894736842105263
Emi Buendía__Aston Villa,0.3076923076923077,0.10256410256410256,2.5128205128205128,26.5,0.12,0.46,1.3846153846153846,0.6666666666666666,2.051282051282051
Hugo Bueno__Wolves,0.03802281368821293,0.07604562737642585,0.6083650190114068,37.5,0.06,0.17,1.3307984790874525,1.2547528517110267,2.585551330798479
Santiago Bueno__Wolves,0.10563380281690142,0.035211267605633804,0.35211267605633806,70.0,0.3,0.43,1.0563380281690142,0.9507042253521127,2.007042253521127
Dan Burn__Newcastle,0.04098360655737705,0.0819672131147541,0.4098360655737705,30.0,0.1,0.33,1.0655737704918034,0.819672131147541,1.8852459016393444
Moisés Caicedo__Chelsea,0.09646302250803858,0.03215434083601286,0.8681672025723473,25.9,0.11,0.43,1.5112540192926045,1.8971061093247588,3.408360128617363
Tom Cairney__Fulham,0.23255813953488372,0.0,1.9767441860465118,11.8,0.12,1.0,0.46511627906976744,0.46511627906976744,0.9302325581395349
Riccardo Calafiori__Arsenal,0.052910052910052914,0.10582010582010583,1.6931216931216932,25.0,0.03,0.13,1.0052910052910053,0.6878306878306879,1.6931216931216932
Dominic Calvert-Lewin__Leeds United,0.4635761589403974,0.033112582781456956,2.4172185430463577,46.6,0.19,0.41,0.13245033112582782,0.16556291390728478,0.2980132450331126
Jaydee Canvot__Crystal Palace,0.0,0.0,0.47297297297297297,14.3,0.0,0.0,1.4864864864864864,0.8108108108108107,2.2972972972972974
Casemiro__Manchester Utd,0.3146853146853147,0.06993006993006992,1.8181818181818181,34.6,0.17,0.5,1.5734265734265733,1.048951048951049,2.622377622377622
Matty Cash__Aston Villa,0.08955223880597014,0.08955223880597014,0.8955223880597015,33.3,0.1,0.3,0.9552238805970149,0.7164179104477612,1.671641791044776
Timothy Castagne__Fulham,0.0,0.0,0.6829268292682927,42.9,0.0,0.0,1.170731707317073,1.3658536585365855,2.5365853658536586
Valentín Castellanos__West Ham,0.38961038961038963,0.0,3.2467532467532467,44.0,0.12,0.27,0.5844155844155844,0.38961038961038963,0.974025974025974
Trevoh Chalobah__Chelsea,0.0970873786407767,0.0,0.5177993527508091,31.3,0.19,0.6,0.7119741100323624,1.197411003236246,1.9093851132686086
Rayan Cherki__Manchester City,0.20202020202020202,0.6060606060606061,2.7777777777777777,23.6,0.07,0.31,0.8080808080808081,0.35353535353535354,1.1616161616161615
Ryan Christie__Bournemouth,0.18181818181818182,0.0,2.272727272727273,32.0,0.08,0.25,1.8181818181818181,1.0,2.8181818181818183
Samuel Chukwueze__Fulham,0.25,0.3333333333333333,2.0833333333333335,28.0,0.12,0.43,0.3333333333333333,0.5,0.8333333333333334
Nathan Collins__Brentford,0.030211480362537763,0.060422960725075525,0.6042296072507553,30.0,0.05,0.17,0.39274924471299094,1.0876132930513596,1.4803625377643503
Lewis Cook__Bournemouth,0.0,0.10309278350515465,0.30927835051546393,0.0,0.0,0.0,1.752577319587629,2.1649484536082477,3.9175257731958766
Marc Cucurella__Chelsea,0.03322259136212624,0.13289036544850497,0.6644518272425249,30.0,0.05,0.17,1.3289036544850499,0.9302325581395349,2.2591362126245844
Jorge Cuenca__Fulham,0.0,0.0,0.09615384615384615,0.0,0.0,0.0,0.9615384615384615,1.4423076923076923,2.4038461538461537
Josh Cullen__Burnley,0.11904761904761904,0.11904761904761904,0.6547619047619048,54.5,0.18,0.33,1.130952380952381,1.4285714285714286,2.5595238095238093
Matheus Cunha__Manchester Utd,0.36101083032490977,0.07220216606498195,3.2490974729241877,38.9,0.11,0.29,0.8303249097472925,0.7581227436823105,1.588447653429603
Diogo Dalot__Manchester Utd,0.034482758620689655,0.10344827586206896,0.8275862068965517,25.0,0.04,0.17,1.0344827586206897,0.896551724137931,1.9310344827586208
Mikkel Damsgaard__Brentford,0.17543859649122806,0.17543859649122806,1.2719298245614035,37.9,0.14,0.36,1.4912280701754386,1.0526315789473684,2.543859649122807
Kevin Danso__Tottenham,0.0,0.0,0.6626506024096385,18.2,0.0,0.0,0.7831325301204819,1.506024096385542,2.2891566265060237
Maxim De Cuyper__Brighton,0.12738853503184713,0.1910828025477707,0.8280254777070064,46.2,0.15,0.33,0.6369426751592357,0.7006369426751593,1.337579617834395
Liam Delap__Chelsea,0.08130081300813008,0.0,2.926829268292683,30.6,0.03,0.09,0.24390243902439024,0.08130081300813008,0.3252032520325203
Sepp van den Berg__Brentford,0.0,0.06514657980456026,0.749185667752443,30.4,0.0,0.0,0.2931596091205212,0.8469055374592834,1.1400651465798046
Justin Devenny__Crystal Palace,0.11363636363636363,0.0,1.477272727272727,30.8,0.08,0.25,1.25,0.11363636363636363,1.3636363636363635
Kiernan Dewsbury-Hall__Everton,0.273972602739726,0.136986301369863,1.3356164383561644,38.5,0.21,0.53,0.8904109589041096,0.4794520547945206,1.36986301369863
Bafodé Diakité__Bournemouth,0.0,0.0,0.07042253521126761,0.0,0.0,0.0,1.0563380281690142,0.7042253521126761,1.7605633802816902
Amad Diallo__Manchester Utd,0.07692307692307693,0.11538461538461539,2.0384615384615383,43.4,0.04,0.09,0.8846153846153846,0.5769230769230769,1.4615384615384615
Habib Diarra__Sunderland,0.12820512820512822,0.12820512820512822,1.6666666666666667,30.8,0.08,0.25,0.44871794871794873,0.25641025641025644,0.7051282051282052
Rúben Dias__Manchester City,0.08403361344537814,0.0,0.42016806722689076,40.0,0.2,0.5,0.25210084033613445,0.9663865546218487,1.218487394957983
Lucas Digne__Aston Villa,0.0,0.2912621359223301,0.6796116504854368,35.7,0.0,0.0,1.262135922330097,0.6310679611650485,1.8932038834951455
Issa Diop__Fulham,0.10989010989010989,0.0,0.21978021978021978,50.0,0.5,1.0,0.21978021978021978,0.6593406593406593,0.8791208791208791
El Hadji Malick Diouf__West Ham,0.0,0.16611295681063123,0.5980066445182723,22.2,0.0,0.0,0.6312292358803986,1.0631229235880397,1.6943521594684385
Axel Disasi__West Ham,0.0,0.0,0.3597122302158273,60.0,0.0,0.0,0.7194244604316546,0.8633093525179856,1.5827338129496402
Matt Doherty__Wolves,0.0,0.0,0.3448275862068966,0.0,0.0,0.0,0.9195402298850576,0.8045977011494253,1.7241379310344829
Jeremy Doku__Manchester City,0.25252525252525254,0.25252525252525254,1.9696969696969697,38.5,0.13,0.33,0.8080808080808081,0.6060606060606061,1.4141414141414141
Nicolás Domínguez__Nottingham,0.07633587786259542,0.07633587786259542,1.3740458015267176,27.8,0.06,0.2,2.290076335877863,0.4580152671755725,2.7480916030534353
Patrick Dorgu__Manchester Utd,0.24844720496894407,0.24844720496894407,1.5527950310559004,44.0,0.16,0.36,1.8633540372670805,0.9937888198757763,2.8571428571428568
Lewis Dunk__Brighton,0.031746031746031744,0.0,0.7301587301587301,13.0,0.04,0.33,0.6984126984126984,0.9523809523809523,1.6507936507936507
Marcus Edwards__Burnley,0.08403361344537814,0.25210084033613445,1.9327731092436975,26.1,0.04,0.17,0.5042016806722689,0.25210084033613445,0.7563025210084033
Hjalmar Ekdal__Burnley,0.0,0.0,0.3508771929824561,16.7,0.0,0.0,0.9941520467836257,0.7017543859649122,1.6959064327485378
Hugo Ekitike__Liverpool,0.55,0.2,3.25,29.2,0.17,0.58,0.35,0.2,0.55
Anthony Elanga__Newcastle,0.0,0.06802721088435375,1.1564625850340136,23.5,0.0,0.0,0.7482993197278912,0.20408163265306123,0.9523809523809524
Maxime Estève__Burnley,0.0,0.0,0.3067484662576687,10.0,0.0,0.0,0.8282208588957055,1.1349693251533741,1.9631901840490797
Evanilson__Bournemouth,0.19672131147540983,0.03278688524590164,2.360655737704918,31.9,0.08,0.26,0.16393442622950818,0.19672131147540983,0.36065573770491804
Eberechi Eze__Arsenal,0.34825870646766166,0.09950248756218905,2.835820895522388,31.6,0.12,0.39,0.6467661691542288,0.5472636815920398,1.1940298507462686
Bruno Fernandes__Manchester Utd,0.2647058823529412,0.6176470588235294,2.5,28.2,0.11,0.38,1.0294117647058822,0.6176470588235294,1.6470588235294117
Mateus Fernandes__West Ham,0.08955223880597014,0.11940298507462686,0.835820895522388,28.6,0.11,0.38,2.0,1.0746268656716418,3.074626865671642
Enzo Fernández__Chelsea,0.2890173410404624,0.11560693641618497,2.0809248554913293,43.1,0.14,0.32,0.6936416184971098,0.5780346820809248,1.2716763005780347
Zian Flemming__Burnley,0.5583756345177665,0.0,2.6395939086294415,40.4,0.21,0.52,0.5076142131979695,0.30456852791878175,0.8121827411167513
Phil Foden__Manchester City,0.3017241379310345,0.21551724137931036,2.3706896551724137,34.5,0.13,0.37,0.6896551724137931,0.4310344827586207,1.120689655172414
Wesley Fofana__Chelsea,0.0,0.05235602094240837,0.41884816753926696,12.5,0.0,0.0,0.5759162303664921,1.9895287958115182,2.5654450261780104
Lyle Foster__Burnley,0.19736842105263158,0.13157894736842105,1.3157894736842106,30.0,0.15,0.5,0.7894736842105263,0.2631578947368421,1.0526315789473684
Jeremie Frimpong__Liverpool,0.0,0.08620689655172414,0.8620689655172414,20.0,0.0,0.0,0.7758620689655172,0.5172413793103449,1.293103448275862
Cody Gakpo__Liverpool,0.23026315789473686,0.16447368421052633,2.861842105263158,24.1,0.08,0.33,0.493421052631579,0.39473684210526316,0.8881578947368421
Conor Gallagher__Tottenham,0.07575757575757576,0.07575757575757576,0.8333333333333334,36.4,0.09,0.25,1.0606060606060606,1.3636363636363638,2.4242424242424243
Alejandro Garnacho__Chelsea,0.07092198581560284,0.28368794326241137,2.3404255319148937,21.2,0.03,0.14,0.9219858156028369,0.28368794326241137,1.2056737588652482
James Garner__Everton,0.052770448548812667,0.18469656992084432,1.187335092348285,31.1,0.04,0.14,1.899736147757256,1.503957783641161,3.403693931398417
Lutsharel Geertruida__Sunderland,0.0,0.0,0.5851063829787234,27.3,0.0,0.0,1.1702127659574468,1.0638297872340425,2.234042553191489
Morgan Gibbs-White__Nottingham,0.436046511627907,0.11627906976744186,2.412790697674419,38.6,0.18,0.47,0.46511627906976744,0.3488372093023256,0.813953488372093
João Gomes__Wolves,0.03184713375796178,0.03184713375796178,0.6050955414012739,36.8,0.05,0.14,2.1656050955414012,1.1464968152866242,3.3121019108280256
Rodrigo Gomes__Wolves,0.28037383177570097,0.0,1.869158878504673,30.0,0.15,0.5,1.6822429906542058,1.0280373831775702,2.710280373831776
Toti Gomes__Wolves,0.0,0.0,0.3164556962025316,40.0,0.0,0.0,0.6962025316455696,0.8227848101265822,1.5189873417721518
Diego Gómez__Brighton,0.211864406779661,0.0423728813559322,1.7796610169491525,33.3,0.12,0.36,2.0762711864406778,0.8050847457627118,2.8813559322033897
Joe Gomez__Liverpool,0.0,0.29850746268656714,0.7462686567164178,20.0,0.0,0.0,1.044776119402985,1.1940298507462686,2.2388059701492535
Nicolás González__Manchester City,0.0574712643678161,0.0,0.8045977011494253,14.3,0.07,0.5,1.7241379310344829,1.3793103448275863,3.1034482758620694
Anthony Gordon__Newcastle,0.30150753768844224,0.10050251256281408,2.412060301507538,41.7,0.13,0.3,0.6532663316582915,0.15075376884422112,0.8040201005025126
Ryan Gravenberch__Liverpool,0.1506024096385542,0.09036144578313252,1.1445783132530118,34.2,0.13,0.38,1.0542168674698795,1.325301204819277,2.3795180722891565
Archie Gray__Tottenham,0.12195121951219513,0.12195121951219513,0.6707317073170732,45.5,0.18,0.4,0.48780487804878053,1.0365853658536586,1.524390243902439
Jack Grealish__Everton,0.11049723756906077,0.3314917127071823,1.43646408839779,30.8,0.08,0.25,0.8287292817679557,0.6077348066298343,1.43646408839779
Pascal Groß__Brighton,0.054945054945054944,0.16483516483516483,0.989010989010989,50.0,0.06,0.11,0.9340659340659341,0.6043956043956045,1.5384615384615385
Brajan Gruda__Brighton,0.125,0.125,2.0,37.5,0.06,0.17,0.625,0.25,0.875
Ilia Gruev__Leeds United,0.0,0.20408163265306123,0.4761904761904762,14.3,0.0,0.0,0.8843537414965987,0.9523809523809524,1.836734693877551
Gabriel Gudmundsson__Leeds United,0.0,0.0,0.6164383561643836,16.7,0.0,0.0,1.6095890410958904,0.9589041095890412,2.568493150684932
Marc Guéhi__Crystal Palace,0.1,0.1,0.75,26.7,0.13,0.5,0.95,1.2,2.15
Marc Guéhi__Manchester City,0.06666666666666667,0.06666666666666667,1.1333333333333333,29.4,0.06,0.2,0.8,1.6666666666666667,2.466666666666667
Idrissa Gueye__Everton,0.08583690987124463,0.12875536480686695,1.2446351931330473,24.1,0.07,0.29,0.9012875536480687,1.2446351931330473,2.1459227467811157
Bruno Guimarães__Newcastle,0.32967032967032966,0.18315018315018314,1.5384615384615383,54.8,0.21,0.39,1.5018315018315018,0.5860805860805861,2.087912087912088
Malo Gusto__Chelsea,0.0796812749003984,0.1195219123505976,0.4780876494023904,50.0,0.17,0.33,0.9163346613545816,1.195219123505976,2.1115537848605577
Joško Gvardiol__Manchester City,0.13157894736842105,0.13157894736842105,1.118421052631579,35.3,0.12,0.33,0.8552631578947368,1.0526315789473684,1.9078947368421053
Viktor Gyökeres__Arsenal,0.5668016194331984,0.04048582995951417,2.2267206477732793,40.0,0.25,0.64,0.20242914979757085,0.04048582995951417,0.24291497975708504
Erling Haaland__Manchester City,0.8231707317073171,0.24390243902439027,3.8414634146341466,46.8,0.21,0.46,0.2134146341463415,0.12195121951219513,0.3353658536585366
Lewis Hall__Newcastle,0.04132231404958678,0.04132231404958678,1.0330578512396695,24.0,0.04,0.17,1.28099173553719,1.1983471074380165,2.479338842975207
Quilindschy Hartman__Burnley,0.0,0.24630541871921183,0.44334975369458124,33.3,0.0,0.0,1.5270935960591132,1.5763546798029555,3.103448275862069
Jorrel Hato__Chelsea,0.0,0.0,0.3125,0.0,0.0,0.0,1.484375,1.328125,2.8125
Ayden Heaven__Manchester Utd,0.0,0.0970873786407767,0.2912621359223301,0.0,0.0,0.0,1.262135922330097,0.0970873786407767,1.3592233009708736
Jan Paul van Hecke__Brighton,0.08403361344537814,0.08403361344537814,0.6442577030812324,43.5,0.13,0.3,0.8683473389355741,1.2605042016806722,2.1288515406162465
Hwang Hee-chan__Wolves,0.12422360248447203,0.12422360248447203,1.1801242236024843,31.6,0.11,0.33,0.24844720496894407,0.7453416149068323,0.9937888198757763
Jordan Henderson__Brentford,0.046948356807511735,0.14084507042253522,0.28169014084507044,16.7,0.17,1.0,0.6572769953051643,0.7511737089201878,1.408450704225352
Rico Henry__Brentford,0.0,0.06756756756756756,0.33783783783783783,0.0,0.0,0.0,0.7432432432432432,0.47297297297297297,1.2162162162162162
Aaron Hickey__Brentford,0.0,0.0,0.7792207792207793,16.7,0.0,0.0,0.9090909090909091,1.0389610389610389,1.948051948051948
James Hill__Bournemouth,0.0,0.12820512820512822,0.5128205128205129,16.7,0.0,0.0,0.8547008547008548,1.5811965811965814,2.435897435897436
Piero Hincapié__Arsenal,0.05025125628140704,0.10050251256281408,0.15075376884422112,66.7,0.33,0.5,1.306532663316583,1.306532663316583,2.613065326633166
Jack Hinshelwood__Brighton,0.20725388601036268,0.15544041450777202,1.9170984455958548,40.5,0.11,0.27,0.6735751295336787,0.31088082901554404,0.9844559585492227
Callum Hudson-Odoi__Nottingham,0.14634146341463414,0.1951219512195122,1.4634146341463414,33.3,0.1,0.3,0.34146341463414637,0.3902439024390244,0.7317073170731707
Will Hughes__Crystal Palace,0.0,0.0,0.9714285714285714,0.0,0.0,0.0,0.9142857142857143,0.8571428571428571,1.7714285714285714
Trai Hume__Sunderland,0.05934718100890207,0.029673590504451036,1.0089020771513353,20.6,0.06,0.29,1.3649851632047476,0.7418397626112759,2.1068249258160234
Bashir Humphreys__Burnley,0.0,0.0,0.5142857142857142,33.3,0.0,0.0,0.9714285714285714,0.6285714285714286,1.6
Omari Hutchinson__Nottingham,0.05319148936170213,0.26595744680851063,1.3297872340425532,44.0,0.04,0.09,0.5851063829787234,0.5851063829787234,1.1702127659574468
Tim Iroegbunam__Everton,0.0,0.12121212121212122,0.7272727272727273,8.3,0.0,0.0,2.6666666666666665,1.3333333333333333,4.0
Alexander Isak__Liverpool,0.38461538461538464,0.12820512820512822,2.1794871794871797,35.3,0.18,0.5,0.7692307692307693,0.0,0.7692307692307693
Wilson Isidor__Sunderland,0.46511627906976744,0.0,3.333333333333333,39.5,0.14,0.35,0.6201550387596899,0.15503875968992248,0.7751937984496123
Alex Iwobi__Fulham,0.14869888475836432,0.11152416356877325,1.449814126394052,38.5,0.1,0.27,0.6691449814126395,0.5576208178438662,1.2267657992565058
Reece James__Chelsea,0.09174311926605504,0.18348623853211007,1.0091743119266054,31.8,0.09,0.29,1.5137614678899083,1.4678899082568806,2.981651376146789
Vitaly Janelt__Brentford,0.0625,0.25,0.75,25.0,0.08,0.33,1.0625,1.6875,2.75
Mathias Jensen__Brentford,0.12,0.04,1.16,27.6,0.1,0.38,0.92,0.84,1.76
Igor Jesus__Nottingham,0.23529411764705882,0.1568627450980392,2.7450980392156863,30.0,0.09,0.29,0.6274509803921569,0.0784313725490196,0.7058823529411765
Álex Jiménez__Bournemouth,0.038910505836575876,0.0,0.8171206225680934,19.0,0.05,0.25,1.7509727626459144,1.0505836575875487,2.8015564202334633
Raúl Jiménez__Fulham,0.37037037037037035,0.12345679012345678,3.0041152263374484,24.7,0.12,0.5,0.823045267489712,0.28806584362139914,1.1111111111111112
João Pedro__Chelsea,0.5067567567567567,0.16891891891891891,2.4662162162162162,38.4,0.21,0.54,0.5743243243243243,0.2027027027027027,0.777027027027027
Joelinton__Newcastle,0.09216589861751152,0.04608294930875576,1.4746543778801844,34.4,0.06,0.18,1.0599078341013826,1.2903225806451613,2.350230414746544
Brennan Johnson__Tottenham,0.29411764705882354,0.0,0.8823529411764706,33.3,0.33,1.0,1.3235294117647058,0.29411764705882354,1.6176470588235294
Brennan Johnson__Crystal Palace,0.0,0.08064516129032258,1.3709677419354838,17.6,0.0,0.0,0.564516129032258,0.16129032258064516,0.7258064516129032
Curtis Jones__Liverpool,0.046511627906976744,0.09302325581395349,1.0232558139534884,31.8,0.05,0.14,1.069767441860465,0.8372093023255814,1.9069767441860466
Eli Junior Kroupi__Bournemouth,0.6989247311827956,0.0,2.7956989247311825,42.3,0.25,0.59,0.3225806451612903,0.48387096774193544,0.8064516129032258
James Justin__Leeds United,0.0947867298578199,0.04739336492890995,1.1374407582938388,25.0,0.08,0.33,1.8009478672985781,1.2322274881516586,3.0331753554502368
Ferdi Kadioglu__Brighton,0.02873563218390805,0.0,0.8045977011494253,46.4,0.04,0.08,1.120689655172414,0.7183908045977012,1.8390804597701151
Daichi Kamada__Crystal Palace,0.0,0.0,0.9004739336492891,21.1,0.0,0.0,1.6587677725118481,0.6635071090047393,2.3222748815165875
Boubacar Kamara__Aston Villa,0.06369426751592357,0.1910828025477707,0.445859872611465,57.1,0.14,0.25,1.019108280254777,0.9554140127388535,1.9745222929936306
Michael Kayode__Brentford,0.027624309392265192,0.027624309392265192,0.24861878453038672,33.3,0.11,0.33,1.298342541436464,1.0773480662983426,2.3756906077348066
Michael Keane__Everton,0.10416666666666666,0.034722222222222224,0.9375,25.9,0.11,0.43,0.8333333333333333,1.284722222222222,2.1180555555555554
Milos Kerkez__Liverpool,0.0796812749003984,0.0398406374501992,0.3585657370517928,22.2,0.22,1.0,1.0358565737051793,0.597609561752988,1.6334661354581672
Kevin__Fulham,0.08620689655172414,0.08620689655172414,2.1551724137931036,40.0,0.04,0.1,0.8620689655172414,0.7758620689655172,1.6379310344827587
Abdukodir Khusanov__Manchester City,0.0,0.0,0.44025157232704404,14.3,0.0,0.0,1.2578616352201257,1.8238993710691824,3.081761006289308
Max Kilman__West Ham,0.0,0.0,0.40462427745664736,14.3,0.0,0.0,0.4624277456647399,0.3468208092485549,0.8092485549132947
Joshua King__Fulham,0.06896551724137931,0.13793103448275862,1.793103448275862,42.3,0.04,0.09,0.8275862068965517,0.20689655172413793,1.0344827586206897
Justin Kluivert__Bournemouth,0.18867924528301888,0.0,1.6037735849056605,23.5,0.12,0.5,0.6603773584905661,0.37735849056603776,1.0377358490566038
Randal Kolo Muani__Tottenham,0.05405405405405406,0.05405405405405406,1.0810810810810811,20.0,0.05,0.25,0.8648648648648649,0.10810810810810811,0.972972972972973
Ibrahima Konaté__Liverpool,0.02915451895043732,0.0,0.34985422740524785,33.3,0.08,0.25,0.9037900874635569,0.8163265306122449,1.7201166180758019
Ezri Konsa__Aston Villa,0.0,0.0,0.32640949554896137,18.2,0.0,0.0,0.2373887240356083,0.6528189910979227,0.890207715133531
Ladislav Krejčí__Wolves,0.07633587786259542,0.03816793893129771,0.8015267175572519,47.6,0.1,0.2,0.8015267175572519,1.2213740458015268,2.0229007633587788
Mohammed Kudus__Tottenham,0.11695906432748537,0.29239766081871343,1.5204678362573099,34.6,0.08,0.22,0.9941520467836257,0.17543859649122806,1.1695906432748537
Maxence Lacroix__Crystal Palace,0.02915451895043732,0.05830903790087464,0.728862973760933,28.0,0.04,0.14,1.1078717201166182,1.3119533527696794,2.419825072886298
Josh Laurent__Burnley,0.0510204081632653,0.0,0.7653061224489796,26.7,0.07,0.25,1.2755102040816326,1.4285714285714284,2.704081632653061
Enzo Le Fée__Sunderland,0.15337423312883436,0.18404907975460122,1.1042944785276072,33.3,0.14,0.42,1.7177914110429446,0.8588957055214723,2.576687116564417
Jefferson Lerma__Crystal Palace,0.0,0.10362694300518134,0.9844559585492227,36.8,0.0,0.0,0.9326424870466321,1.2953367875647668,2.227979274611399
Keane Lewis-Potter__Brentford,0.13698630136986303,0.13698630136986303,1.4155251141552512,29.0,0.1,0.33,0.6392694063926941,0.4566210045662101,1.0958904109589043
Myles Lewis-Skelly__Arsenal,0.0,0.0,0.2531645569620253,0.0,0.0,0.0,0.6329113924050632,0.6329113924050632,1.2658227848101264
Matthijs de Ligt__Manchester Utd,0.07692307692307693,0.0,0.8461538461538461,27.3,0.09,0.33,1.0,0.8461538461538461,1.8461538461538463
Victor Lindelöf__Aston Villa,0.0,0.09523809523809523,0.2857142857142857,0.0,0.0,0.0,0.2857142857142857,0.7619047619047619,1.0476190476190477
Tino Livramento__Newcastle,0.0,0.06756756756756756,0.2027027027027027,0.0,0.0,0.0,0.9459459459459459,0.13513513513513511,1.081081081081081
Sean Longstaff__Leeds United,0.17857142857142858,0.17857142857142858,1.4285714285714286,25.0,0.13,0.5,2.142857142857143,1.0714285714285714,3.2142857142857144
Lucas__Burnley,0.0,0.0,1.019108280254777,25.0,0.0,0.0,1.4012738853503186,1.2101910828025477,2.6114649681528666
Florentino Luís__Burnley,0.0,0.08547008547008547,0.5555555555555556,15.4,0.0,0.0,2.094017094017094,1.7094017094017095,3.8034188034188037
Douglas Luiz__Aston Villa,0.14925373134328357,0.0,0.8955223880597015,66.7,0.17,0.25,1.6417910447761193,1.044776119402985,2.6865671641791042
Saša Lukić__Fulham,0.05181347150259067,0.10362694300518134,0.9326424870466321,33.3,0.06,0.17,1.450777202072539,0.8290155440414507,2.2797927461139897
Ian Maatsen__Aston Villa,0.0,0.056179775280898875,1.1235955056179774,25.0,0.0,0.0,1.7415730337078652,1.0112359550561798,2.752808988764045
Alexis Mac Allister__Liverpool,0.06779661016949153,0.13559322033898305,1.7627118644067796,23.1,0.04,0.17,0.9152542372881356,0.6101694915254238,1.5254237288135593
Noni Madueke__Arsenal,0.2222222222222222,0.07407407407407407,1.8518518518518519,36.0,0.12,0.33,0.7407407407407407,0.37037037037037035,1.1111111111111112
Gabriel Magalhães__Arsenal,0.09803921568627451,0.13071895424836602,0.8823529411764706,25.9,0.11,0.43,0.6535947712418301,0.7189542483660131,1.3725490196078431
Soungoutou Magassa__West Ham,0.09174311926605504,0.0,0.6422018348623852,28.6,0.14,0.5,2.110091743119266,1.5596330275229358,3.6697247706422016
Harry Maguire__Manchester Utd,0.05434782608695653,0.10869565217391305,0.7608695652173914,28.6,0.07,0.25,0.923913043478261,0.6521739130434783,1.5760869565217392
Kobbie Mainoo__Manchester Utd,0.05405405405405406,0.10810810810810811,0.7027027027027027,23.1,0.08,0.33,1.0810810810810811,1.027027027027027,2.108108108108108
Donyell Malen__Aston Villa,0.547945205479452,0.136986301369863,3.6986301369863015,33.3,0.15,0.44,0.273972602739726,0.0,0.273972602739726
Reinildo Mandava__Sunderland,0.0,0.04587155963302752,0.18348623853211007,0.0,0.0,0.0,1.055045871559633,1.3302752293577982,2.385321100917431
Mateus Mane__Wolves,0.15075376884422112,0.05025125628140704,2.0603015075376887,41.5,0.07,0.18,0.6532663316582915,0.2512562814070352,0.9045226130653267
Omar Marmoush__Manchester City,0.38461538461538464,0.38461538461538464,3.8461538461538463,30.0,0.1,0.33,1.0256410256410258,0.25641025641025644,1.2820512820512822
Gabriel Martinelli__Arsenal,0.08333333333333333,0.3333333333333333,2.4166666666666665,44.8,0.03,0.08,0.6666666666666666,0.08333333333333333,0.75
Lisandro Martínez__Manchester Utd,0.0,0.0,0.36496350364963503,0.0,0.0,0.0,0.8029197080291971,0.8759124087591241,1.6788321167883213
Pape Matar Sarr__Tottenham,0.12903225806451613,0.25806451612903225,1.096774193548387,35.3,0.12,0.33,1.3548387096774193,0.9032258064516129,2.2580645161290325
Jean-Philippe Mateta__Crystal Palace,0.4878048780487805,0.0,2.5609756097560976,50.8,0.19,0.38,0.16260162601626016,0.24390243902439024,0.4065040650406504
Konstantinos Mavropanos__West Ham,0.10638297872340426,0.0,0.8156028368794327,34.8,0.13,0.38,0.851063829787234,1.6666666666666667,2.517730496453901
Eliezer Mayenda__Sunderland,0.23809523809523808,0.0,1.5476190476190474,46.2,0.15,0.33,0.35714285714285715,0.11904761904761904,0.47619047619047616
Noussair Mazraoui__Manchester Utd,0.0,0.0,0.4587155963302752,0.0,0.0,0.0,1.3761467889908257,1.0091743119266054,2.385321100917431
Bryan Mbeumo__Manchester Utd,0.3793103448275862,0.10344827586206896,2.5172413793103448,43.8,0.15,0.34,0.3793103448275862,0.2413793103448276,0.6206896551724138
John McGinn__Aston Villa,0.2109704641350211,0.16877637130801687,1.1814345991561181,42.9,0.18,0.42,0.7172995780590717,0.5063291139240507,1.2236286919831223
Dwight McNeil__Everton,0.0,0.07692307692307693,1.8461538461538463,20.8,0.0,0.0,1.2307692307692308,0.7692307692307693,2.0
Hannibal Mejbri__Burnley,0.07299270072992702,0.29197080291970806,1.3868613138686132,26.3,0.05,0.2,1.2408759124087592,0.5109489051094891,1.7518248175182483
Mikel Merino__Arsenal,0.34782608695652173,0.2608695652173913,1.9130434782608696,36.4,0.18,0.5,1.1304347826086956,0.782608695652174,1.9130434782608696
Nikola Milenković__Nottingham,0.0,0.0,0.4266666666666667,6.3,0.0,0.0,0.5066666666666667,0.7733333333333333,1.28
Lewis Miley__Newcastle,0.06024096385542168,0.24096385542168672,0.7228915662650601,33.3,0.08,0.25,1.0843373493975903,1.2048192771084336,2.2891566265060237
James Milner__Brighton,0.1149425287356322,0.1149425287356322,0.9195402298850576,25.0,0.13,0.5,1.0344827586206897,0.574712643678161,1.6091954022988506
Tyrone Mings__Aston Villa,0.0,0.0,0.6122448979591837,11.1,0.0,0.0,0.1360544217687075,0.7482993197278912,0.8843537414965987
Yankuba Minteh__Brighton,0.11278195488721804,0.15037593984962405,1.5413533834586466,26.8,0.07,0.27,1.3909774436090225,0.5639097744360902,1.9548872180451127
Tyrick Mitchell__Crystal Palace,0.027700831024930747,0.055401662049861494,0.5263157894736842,36.8,0.05,0.14,1.8005540166204985,0.9141274238227146,2.714681440443213
Kaoru Mitoma__Brighton,0.15706806282722513,0.05235602094240837,1.6753926701570678,40.6,0.09,0.23,0.6282722513089005,0.41884816753926696,1.0471204188481675
Morato__Nottingham,0.06711409395973154,0.0,0.33557046979865773,40.0,0.2,0.5,1.2080536912751678,0.7382550335570469,1.9463087248322146
Cristhian Mosquera__Arsenal,0.0,0.0,0.09090909090909091,0.0,0.0,0.0,1.9090909090909092,0.7272727272727273,2.6363636363636362
Yerson Mosquera__Wolves,0.0,0.0,1.2658227848101267,20.0,0.0,0.0,1.518987341772152,1.0548523206751055,2.5738396624472575
Mason Mount__Manchester Utd,0.2654867256637168,0.0,1.6814159292035398,26.3,0.16,0.6,1.1504424778761062,0.7964601769911503,1.9469026548672566
Nordi Mukiele__Sunderland,0.0970873786407767,0.0970873786407767,0.8414239482200647,15.4,0.12,0.75,1.4563106796116505,1.197411003236246,2.6537216828478964
Marshall Munetsi__Wolves,0.10309278350515465,0.10309278350515465,1.4432989690721651,42.9,0.07,0.17,1.3402061855670104,0.5154639175257733,1.8556701030927836
Rodrigo Muniz__Fulham,0.0900900900900901,0.0900900900900901,2.882882882882883,15.6,0.03,0.2,0.2702702702702703,0.1801801801801802,0.45045045045045046
Daniel Muñoz__Crystal Palace,0.149812734082397,0.11235955056179775,0.9737827715355806,46.2,0.15,0.33,1.797752808988764,0.898876404494382,2.696629213483146
Murillo__Nottingham,0.04219409282700422,0.0,0.4641350210970464,36.4,0.09,0.25,0.9704641350210971,1.2236286919831223,2.1940928270042193
Jacob Murphy__Newcastle,0.16666666666666666,0.1111111111111111,2.3333333333333335,31.0,0.07,0.23,0.6666666666666666,0.3333333333333333,1.0
Vitaliy Mykolenko__Everton,0.0,0.030395136778115502,0.27355623100303955,22.2,0.0,0.0,0.7598784194528876,0.8206686930091186,1.580547112462006
David Møller Wolfe__Wolves,0.0,0.17094017094017094,0.25641025641025644,0.0,0.0,0.0,0.4273504273504274,0.5982905982905983,1.0256410256410258
Iliman Ndiaye__Everton,0.1941747572815534,0.0970873786407767,1.3915857605177995,51.2,0.14,0.27,1.2944983818770228,0.5501618122977346,1.8446601941747574
Dan Ndoye__Nottingham,0.07692307692307693,0.07692307692307693,1.1538461538461537,26.7,0.07,0.25,0.8461538461538461,0.7692307692307693,1.6153846153846154
Pedro Neto__Chelsea,0.17123287671232876,0.20547945205479454,1.5753424657534247,28.3,0.11,0.38,0.3767123287671233,0.20547945205479454,0.5821917808219178
Lukas Nmecha__Leeds United,0.5,0.08333333333333333,2.5,53.3,0.2,0.38,0.5833333333333334,0.25,0.8333333333333334
Matheus Nunes__Manchester City,0.031446540880503145,0.15723270440251572,0.22012578616352202,28.6,0.14,0.5,1.2893081761006289,0.9119496855345912,2.20125786163522
Jake O'Brien__Everton,0.02881844380403458,0.02881844380403458,0.37463976945244953,46.2,0.08,0.17,0.9221902017291066,0.37463976945244953,1.296829971181556
Nico O'Reilly__Manchester City,0.17006802721088435,0.10204081632653061,1.3945578231292517,36.6,0.12,0.33,1.2244897959183674,0.6802721088435374,1.9047619047619049
Wilson Odobert__Tottenham,0.0,0.18348623853211007,1.926605504587156,38.1,0.0,0.0,0.7339449541284403,0.0,0.7339449541284403
Noah Okafor__Leeds United,0.4624277456647399,0.057803468208092484,2.0231213872832368,42.9,0.23,0.53,0.8670520231213873,0.6936416184971098,1.560693641618497
Amadou Onana__Aston Villa,0.10256410256410256,0.0,0.9743589743589743,36.8,0.11,0.29,1.5384615384615385,0.9743589743589743,2.5128205128205128
William Osula__Newcastle,0.7692307692307693,0.0,2.5274725274725274,52.2,0.3,0.58,0.5494505494505495,0.10989010989010989,0.6593406593406593
Dango Ouattara__Brentford,0.2766798418972332,0.11857707509881422,2.2134387351778657,35.7,0.13,0.35,0.5533596837944664,0.9486166007905138,1.5019762845849802
Pablo__West Ham,0.0,0.10989010989010989,1.3186813186813187,25.0,0.0,0.0,1.5384615384615385,0.5494505494505495,2.087912087912088
João Palhinha__Tottenham,0.20491803278688525,0.0819672131147541,1.3524590163934427,27.3,0.15,0.56,2.5,1.1475409836065575,3.6475409836065578
Cole Palmer__Chelsea,0.4608294930875576,0.04608294930875576,2.9493087557603688,39.1,0.16,0.4,0.5529953917050692,0.599078341013825,1.1520737327188941
Lucas Paquetá__West Ham,0.23809523809523808,0.05952380952380952,1.369047619047619,47.8,0.17,0.36,1.3095238095238095,0.41666666666666663,1.726190476190476
Yéremy Pino__Crystal Palace,0.08658008658008658,0.08658008658008658,1.948051948051948,24.4,0.04,0.18,0.8658008658008658,0.3463203463203463,1.2121212121212122
Pedro Porro__Tottenham,0.03215434083601286,0.06430868167202572,1.0289389067524115,25.0,0.03,0.13,1.607717041800643,0.9967845659163986,2.6045016077170415
Freddie Potts__West Ham,0.0,0.07692307692307693,0.23076923076923078,33.3,0.0,0.0,1.3846153846153846,1.2307692307692308,2.6153846153846154
Jacob Ramsey__Newcastle,0.12422360248447203,0.18633540372670807,0.9937888198757763,25.0,0.13,0.5,1.3043478260869563,0.5590062111801242,1.8633540372670805
Rayan__Bournemouth,0.4065040650406504,0.16260162601626016,2.2764227642276422,28.6,0.18,0.63,0.4878048780487805,0.6504065040650406,1.1382113821138211
Tijjani Reijnders__Manchester City,0.2762430939226519,0.11049723756906077,2.707182320441989,32.7,0.1,0.31,0.22099447513812154,0.6077348066298343,0.8287292817679557
Declan Rice__Arsenal,0.11627906976744186,0.14534883720930233,1.1627906976744187,32.5,0.1,0.31,0.9593023255813954,0.9593023255813954,1.9186046511627908
Chris Richards__Crystal Palace,0.03184713375796178,0.0,0.47770700636942676,13.3,0.07,0.5,1.1146496815286624,1.3694267515923568,2.484076433121019
Richarlison__Tottenham,0.5045871559633027,0.18348623853211007,2.7981651376146788,42.6,0.18,0.42,0.7339449541284403,0.3211009174311926,1.055045871559633
Chris Rigg__Sunderland,0.11764705882352941,0.11764705882352941,1.411764705882353,25.0,0.08,0.33,0.9411764705882353,0.47058823529411764,1.411764705882353
Andy Robertson__Liverpool,0.07633587786259542,0.0,0.7633587786259542,30.0,0.1,0.33,0.7633587786259542,0.5343511450381679,1.297709923664122
Antonee Robinson__Fulham,0.06024096385542168,0.0,0.36144578313253006,16.7,0.17,1.0,1.8674698795180722,1.686746987951807,3.5542168674698793
Joe Rodon__Leeds United,0.06097560975609757,0.0,0.5487804878048781,38.9,0.11,0.29,0.5792682926829269,0.9146341463414634,1.4939024390243905
Rodri__Manchester City,0.05952380952380952,0.0,0.9523809523809523,18.8,0.06,0.33,1.4880952380952381,0.7142857142857143,2.202380952380952
Morgan Rogers__Aston Villa,0.27472527472527475,0.16483516483516483,2.307692307692308,38.1,0.12,0.31,0.6318681318681318,0.35714285714285715,0.989010989010989
Merlin Röhl__Everton,0.13157894736842105,0.0,1.4473684210526316,9.1,0.09,1.0,1.7105263157894737,0.5263157894736842,2.236842105263158
Cristian Romero__Tottenham,0.1923076923076923,0.04807692307692307,0.8173076923076923,35.3,0.24,0.67,1.4423076923076923,1.4903846153846154,2.9326923076923075
Georginio Rutter__Brighton,0.15151515151515152,0.15151515151515152,2.121212121212121,33.3,0.07,0.21,0.9595959595959596,0.5555555555555556,1.5151515151515151
Noah Sadiki__Sunderland,0.0,0.03115264797507788,0.5919003115264797,26.3,0.0,0.0,0.8099688473520249,1.02803738317757,1.838006230529595
Bukayo Saka__Arsenal,0.2834008097165992,0.20242914979757085,2.8744939271255063,38.0,0.1,0.26,0.7692307692307693,0.6477732793522267,1.417004048582996
Mohamed Salah__Liverpool,0.29411764705882354,0.29411764705882354,2.857142857142857,27.9,0.1,0.37,0.5042016806722689,0.12605042016806722,0.6302521008403361
William Saliba__Arsenal,0.034482758620689655,0.0,0.1724137931034483,20.0,0.2,1.0,0.7931034482758621,0.5172413793103449,1.3103448275862069
Jadon Sancho__Aston Villa,0.0,0.2061855670103093,1.0309278350515465,30.0,0.0,0.0,0.2061855670103093,0.2061855670103093,0.4123711340206186
Ibrahim Sangaré__Nottingham,0.08658008658008658,0.08658008658008658,0.6926406926406926,31.3,0.13,0.4,1.3852813852813852,0.9523809523809523,2.3376623376623376
Andrey Santos__Chelsea,0.07142857142857142,0.0,0.7857142857142857,18.2,0.09,0.5,1.5,1.2857142857142858,2.7857142857142856
Ismaila Sarr__Crystal Palace,0.37190082644628103,0.04132231404958678,1.9834710743801653,43.8,0.19,0.43,0.37190082644628103,0.2892561983471075,0.6611570247933884
Sávio__Manchester City,0.1075268817204301,0.1075268817204301,2.150537634408602,55.0,0.05,0.09,0.5376344086021505,0.5376344086021505,1.075268817204301
Nicolò Savona__Nottingham,0.17543859649122806,0.0,0.43859649122807015,60.0,0.4,0.67,1.0526315789473684,0.43859649122807015,1.4912280701754386
Oliver Scarles__West Ham,0.0,0.0,0.4109589041095891,0.0,0.0,0.0,2.6027397260273974,1.7808219178082192,4.383561643835616
Kevin Schade__Brentford,0.26229508196721313,0.09836065573770492,1.8688524590163935,42.1,0.14,0.33,0.8852459016393442,0.6229508196721312,1.5081967213114753
Fabian Schär__Newcastle,0.0,0.0,1.4049586776859504,23.5,0.0,0.0,0.7438016528925621,1.322314049586777,2.066115702479339
Alex Scott__Bournemouth,0.09463722397476342,0.031545741324921134,1.38801261829653,29.5,0.07,0.23,1.1987381703470033,1.1041009463722398,2.302839116719243
Antoine Semenyo__Manchester City,0.45161290322580644,0.06451612903225806,2.193548387096774,41.2,0.21,0.5,0.7096774193548387,0.3870967741935484,1.096774193548387
Antoine Semenyo__Bournemouth,0.5,0.15,2.45,55.1,0.2,0.37,1.0,0.3,1.3
Marcos Senesi__Bournemouth,0.0,0.136986301369863,0.4657534246575342,29.4,0.0,0.0,0.9315068493150684,1.36986301369863,2.3013698630136985
Benjamin Šeško__Manchester Utd,0.6010928961748634,0.0546448087431694,3.333333333333333,55.7,0.18,0.32,0.16393442622950818,0.16393442622950818,0.32786885245901637
Ryan Sessegnon__Fulham,0.14778325123152708,0.04926108374384236,0.7881773399014778,25.0,0.19,0.75,1.4285714285714286,1.1330049261083743,2.561576354679803
Luke Shaw__Manchester Utd,0.02793296089385475,0.02793296089385475,0.2793296089385475,30.0,0.1,0.33,1.2569832402234637,1.2011173184357542,2.458100558659218
Bernardo Silva__Manchester City,0.06269592476489029,0.12539184952978058,0.9404388714733543,23.3,0.07,0.29,0.877742946708464,0.658307210031348,1.536050156739812
Xavi Simons__Tottenham,0.10256410256410256,0.2564102564102564,2.1538461538461537,23.8,0.05,0.2,1.0256410256410255,0.7692307692307693,1.794871794871795
Adam Smith__Bournemouth,0.0,0.16666666666666666,0.0,0.0,0.0,0.0,1.0,0.8333333333333334,1.8333333333333333
Emile Smith Rowe__Fulham,0.14018691588785048,0.0,1.6822429906542058,30.6,0.08,0.27,1.0280373831775702,1.0280373831775702,2.0560747663551404
Dominic Solanke__Tottenham,0.2702702702702703,0.0,1.8018018018018018,55.0,0.15,0.27,1.4414414414414416,0.2702702702702703,1.7117117117117118
Tomáš Souček__West Ham,0.20491803278688525,0.0,1.0655737704918034,53.8,0.19,0.36,0.9426229508196722,0.6557377049180328,1.598360655737705
Djed Spence__Tottenham,0.0,0.0,0.5701754385964912,61.5,0.0,0.0,1.0964912280701753,0.6578947368421052,1.7543859649122806
Anton Stach__Leeds United,0.19011406844106463,0.11406844106463879,2.091254752851711,25.5,0.09,0.36,1.3307984790874525,0.7224334600760456,2.053231939163498
Jørgen Strand Larsen__Wolves,0.06410256410256411,0.06410256410256411,1.3461538461538463,33.3,0.05,0.14,0.12820512820512822,0.19230769230769232,0.32051282051282054
Jørgen Strand Larsen__Crystal Palace,0.3,0.0,2.3,30.4,0.13,0.43,0.0,0.1,0.1
Pascal Struijk__Leeds United,0.0,0.03067484662576687,0.950920245398773,16.1,0.0,0.0,0.6748466257668712,0.9815950920245399,1.656441717791411
Crysencio Summerville__West Ham,0.18248175182481752,0.07299270072992702,1.9708029197080292,27.8,0.09,0.33,0.9489051094890512,0.5474452554744526,1.4963503649635037
Dominik Szoboszlai__Liverpool,0.1671309192200557,0.19498607242339833,1.977715877437326,32.4,0.08,0.26,0.8913649025069639,0.807799442896936,1.6991643454038998
Chemsdine Talbi__Sunderland,0.23121387283236994,0.057803468208092484,1.445086705202312,40.0,0.16,0.4,0.3468208092485549,0.17341040462427745,0.5202312138728323
Ao Tanaka__Leeds United,0.136986301369863,0.0,1.1643835616438356,29.4,0.12,0.4,1.0273972602739727,1.4383561643835616,2.4657534246575343
James Tarkowski__Everton,0.05405405405405406,0.08108108108108109,0.5405405405405406,50.0,0.1,0.2,0.8108108108108109,0.7837837837837838,1.5945945945945945
Marcus Tavernier__Bournemouth,0.23102310231023102,0.132013201320132,2.31023102310231,34.3,0.1,0.29,0.693069306930693,0.528052805280528,1.221122112211221
Loum Tchaouna__Burnley,0.14184397163120568,0.07092198581560284,1.6312056737588654,39.1,0.09,0.22,0.6382978723404256,0.14184397163120568,0.7801418439716312
Jackson Tchatchoua__Wolves,0.0,0.04878048780487805,0.14634146341463414,33.3,0.0,0.0,0.7317073170731707,0.6829268292682927,1.4146341463414633
Mathys Tel__Tottenham,0.26666666666666666,0.06666666666666667,2.3333333333333335,22.9,0.11,0.5,0.8,0.3333333333333333,1.1333333333333333
Kenny Tete__Fulham,0.05025125628140704,0.0,0.8040201005025126,18.8,0.06,0.33,1.9095477386934674,1.306532663316583,3.2160804020100504
Igor Thiago__Brentford,0.6027397260273972,0.0273972602739726,2.3013698630136985,51.2,0.26,0.51,0.5753424657534246,0.3287671232876712,0.9041095890410958
Malick Thiaw__Newcastle,0.12158054711246201,0.0,0.851063829787234,50.0,0.14,0.29,1.033434650455927,0.9118541033434651,1.9452887537993921
Youri Tielemans__Aston Villa,0.0,0.1932367149758454,1.1594202898550725,29.2,0.0,0.0,1.884057971014493,0.7729468599033816,2.6570048309178746
Jurriën Timber__Arsenal,0.10989010989010989,0.18315018315018314,0.9157509157509157,28.0,0.12,0.43,1.282051282051282,0.8791208791208791,2.161172161172161
Jean-Clair Todibo__West Ham,0.0,0.04950495049504951,0.09900990099009901,0.0,0.0,0.0,1.188118811881188,0.7920792079207921,1.9801980198019802
Sandro Tonali__Newcastle,0.0,0.07092198581560284,1.3120567375886525,21.6,0.0,0.0,0.8865248226950355,0.9929078014184397,1.8794326241134751
Pau Torres__Aston Villa,0.0,0.0,0.48387096774193544,11.1,0.0,0.0,0.7526881720430108,0.5913978494623655,1.3440860215053763
Bertrand Traoré__Sunderland,0.14285714285714285,0.0,1.7142857142857142,50.0,0.08,0.17,0.5714285714285714,0.2857142857142857,0.8571428571428571
Kieran Trippier__Newcastle,0.0,0.056818181818181816,0.11363636363636363,0.0,0.0,0.0,0.7386363636363635,0.3977272727272727,1.1363636363636362
Leandro Trossard__Arsenal,0.2702702702702703,0.2702702702702703,2.3873873873873874,28.3,0.11,0.4,0.6756756756756757,0.40540540540540543,1.0810810810810811
Adrien Truffert__Bournemouth,0.02666666666666667,0.13333333333333333,0.4266666666666667,37.5,0.06,0.17,1.36,1.1466666666666667,2.506666666666667
Axel Tuanzebe__Burnley,0.07518796992481203,0.0,0.15037593984962405,50.0,0.5,1.0,0.6015037593984962,0.9022556390977443,1.5037593984962405
Destiny Udogie__Tottenham,0.0,0.06711409395973154,0.2684563758389262,25.0,0.0,0.0,1.342281879194631,0.4697986577181208,1.8120805369127517
Manuel Ugarte__Manchester Utd,0.0,0.0,1.3131313131313131,7.7,0.0,0.0,3.0303030303030303,2.0202020202020203,5.05050505050505
Lesley Ugochukwu__Burnley,0.11538461538461539,0.038461538461538464,0.8846153846153846,34.8,0.13,0.38,1.0,0.6538461538461539,1.6538461538461537
Virgil van Dijk__Liverpool,0.15789473684210525,0.0,0.7894736842105263,46.7,0.2,0.43,0.39473684210526316,0.6842105263157895,1.0789473684210527
Joël Veltman__Brighton,0.0847457627118644,0.0,0.3389830508474576,25.0,0.25,1.0,1.4406779661016949,1.6101694915254237,3.0508474576271185
Micky van de Ven__Tottenham,0.1183431952662722,0.02958579881656805,0.4733727810650888,37.5,0.25,0.67,0.591715976331361,0.6213017751479291,1.2130177514792901
Kyle Walker__Burnley,0.0,0.05813953488372093,0.11627906976744186,0.0,0.0,0.0,0.9302325581395349,1.25,2.1802325581395348
Kyle Walker-Peters__West Ham,0.06493506493506493,0.0,0.3246753246753247,60.0,0.2,0.33,1.948051948051948,0.5844155844155844,2.5324675324675323
Aaron Wan-Bissaka__West Ham,0.0,0.08658008658008658,0.0,0.0,0.0,0.0,1.0389610389610389,1.7748917748917747,2.813852813852814
James Ward-Prowse__Burnley,0.0,0.13157894736842105,0.39473684210526316,66.7,0.0,0.0,0.5263157894736842,1.973684210526316,2.5
Ollie Watkins__Aston Villa,0.5079365079365079,0.09523809523809523,2.634920634920635,45.8,0.19,0.42,0.4444444444444444,0.15873015873015872,0.6031746031746031
Danny Welbeck__Brighton,0.5179282868525896,0.0398406374501992,2.231075697211155,50.0,0.23,0.46,0.5577689243027888,0.3187250996015936,0.8764940239043825
Adam Wharton__Crystal Palace,0.035211267605633804,0.17605633802816903,1.1267605633802817,18.8,0.03,0.17,1.267605633802817,0.9507042253521127,2.2183098591549295
Ben White__Arsenal,0.0,0.12820512820512822,0.6410256410256411,20.0,0.0,0.0,1.153846153846154,1.153846153846154,2.307692307692308
Mats Wieffer__Brighton,0.0947867298578199,0.14218009478672985,0.8530805687203791,33.3,0.11,0.33,2.037914691943128,1.1374407582938388,3.1753554502369665
Neco Williams__Nottingham,0.056179775280898875,0.08426966292134831,1.2921348314606742,41.3,0.04,0.11,1.7134831460674156,1.2921348314606742,3.0056179775280896
Estêvão Willian__Chelsea,0.2127659574468085,0.2127659574468085,2.978723404255319,28.6,0.07,0.25,0.6382978723404255,0.425531914893617,1.0638297872340425
Joe Willock__Newcastle,0.0,0.18348623853211007,1.5596330275229358,35.3,0.0,0.0,1.3761467889908257,0.6422018348623852,2.018348623853211
Callum Wilson__West Ham,0.5035971223021583,0.07194244604316546,2.7338129496402876,42.1,0.18,0.44,0.14388489208633093,0.2158273381294964,0.3597122302158273
Harry Wilson__Fulham,0.3367003367003367,0.2356902356902357,2.6262626262626263,32.1,0.13,0.4,0.6397306397306397,0.5387205387205387,1.1784511784511784
Florian Wirtz__Liverpool,0.1893939393939394,0.11363636363636365,1.9318181818181819,35.3,0.1,0.28,0.9848484848484849,0.4545454545454546,1.4393939393939394
Nick Woltemade__Newcastle,0.3791469194312796,0.14218009478672985,1.5165876777251184,40.6,0.25,0.62,0.6161137440758293,0.23696682464454974,0.8530805687203791
Chris Wood__Nottingham,0.3,0.0,2.3,39.1,0.13,0.33,0.1,0.1,0.2
Granit Xhaka__Sunderland,0.030959752321981428,0.18575851393188855,0.65015479876161,23.8,0.05,0.2,1.021671826625387,0.8978328173374613,1.9195046439628485
Yehor Yarmoliuk__Brentford,0.03389830508474576,0.06779661016949153,0.5423728813559322,25.0,0.06,0.25,1.5593220338983051,0.9491525423728814,2.5084745762711864
Ryan Yates__Nottingham,0.0,0.2898550724637681,1.3043478260869565,22.2,0.0,0.0,1.4492753623188406,1.3043478260869565,2.753623188405797
Leny Yoro__Manchester Utd,0.0,0.0,0.46632124352331605,33.3,0.0,0.0,1.0362694300518134,1.6062176165803108,2.6424870466321244
Joshua Zirkzee__Manchester Utd,0.2857142857142857,0.14285714285714285,3.5714285714285716,36.0,0.08,0.22,0.8571428571428571,0.14285714285714285,1.0
Martín Zubimendi__Arsenal,0.1506024096385542,0.03012048192771084,0.8132530120481927,33.3,0.19,0.56,1.1746987951807228,1.1746987951807228,2.3493975903614457
Martin Ødegaard__Arsenal,0.06578947368421052,0.39473684210526316,1.4473684210526316,36.4,0.05,0.13,0.5921052631578948,0.46052631578947373,1.0526315789473684
